subject,subject_type,predicate,object,object_type,url
Quest,CONCEPT,bring,researchers,CONCEPT,https://news.mit.edu/2026/continued-commitment-to-understanding-intelligence-0114
researchers,CONCEPT,bring,researchers,CONCEPT,https://news.mit.edu/2026/continued-commitment-to-understanding-intelligence-0114
who,CONCEPT,combine,expertise,CONCEPT,https://news.mit.edu/2026/continued-commitment-to-understanding-intelligence-0114
expertise,CONCEPT,combine,expertise,CONCEPT,https://news.mit.edu/2026/continued-commitment-to-understanding-intelligence-0114
intelligence,CONCEPT,understand,intelligence,CONCEPT,https://news.mit.edu/2026/continued-commitment-to-understanding-intelligence-0114
science,CONCEPT,span,science,CONCEPT,https://news.mit.edu/2026/continued-commitment-to-understanding-intelligence-0114
brains,CONCEPT,produce,intelligence,CONCEPT,https://news.mit.edu/2026/continued-commitment-to-understanding-intelligence-0114
intelligence,CONCEPT,produce,intelligence,CONCEPT,https://news.mit.edu/2026/continued-commitment-to-understanding-intelligence-0114
problems,CONCEPT,address,problems,CONCEPT,https://news.mit.edu/2026/continued-commitment-to-understanding-intelligence-0114
that,CONCEPT,exceed,capabilities,CONCEPT,https://news.mit.edu/2026/continued-commitment-to-understanding-intelligence-0114
capabilities,CONCEPT,exceed,capabilities,CONCEPT,https://news.mit.edu/2026/continued-commitment-to-understanding-intelligence-0114
we,CONCEPT,study,intelligence,CONCEPT,https://news.mit.edu/2026/continued-commitment-to-understanding-intelligence-0114
intelligence,CONCEPT,study,intelligence,CONCEPT,https://news.mit.edu/2026/continued-commitment-to-understanding-intelligence-0114
neuroscience,CONCEPT,study,neuroscience,CONCEPT,https://news.mit.edu/2026/continued-commitment-to-understanding-intelligence-0114
what,CONCEPT,build,what,CONCEPT,https://news.mit.edu/2026/continued-commitment-to-understanding-intelligence-0114
we,CONCEPT,build,what,CONCEPT,https://news.mit.edu/2026/continued-commitment-to-understanding-intelligence-0114
principles,CONCEPT,understand,principles,CONCEPT,https://news.mit.edu/2026/continued-commitment-to-understanding-intelligence-0114
intelligence,CONCEPT,understand,intelligence,CONCEPT,https://news.mit.edu/2026/continued-commitment-to-understanding-intelligence-0114
question,CONCEPT,have,parts,CONCEPT,https://news.mit.edu/2026/continued-commitment-to-understanding-intelligence-0114
parts,CONCEPT,have,parts,CONCEPT,https://news.mit.edu/2026/continued-commitment-to-understanding-intelligence-0114
we,CONCEPT,understand,those,CONCEPT,https://news.mit.edu/2026/continued-commitment-to-understanding-intelligence-0114
those,CONCEPT,understand,those,CONCEPT,https://news.mit.edu/2026/continued-commitment-to-understanding-intelligence-0114
we,CONCEPT,see,payoffs,CONCEPT,https://news.mit.edu/2026/continued-commitment-to-understanding-intelligence-0114
payoffs,CONCEPT,see,payoffs,CONCEPT,https://news.mit.edu/2026/continued-commitment-to-understanding-intelligence-0114
mysteries,CONCEPT,explore,mysteries,CONCEPT,https://news.mit.edu/2026/continued-commitment-to-understanding-intelligence-0114
that,CONCEPT,enable,growth,CONCEPT,https://news.mit.edu/2026/continued-commitment-to-understanding-intelligence-0114
growth,CONCEPT,enable,growth,CONCEPT,https://news.mit.edu/2026/continued-commitment-to-understanding-intelligence-0114
that,CONCEPT,enable,research,CONCEPT,https://news.mit.edu/2026/continued-commitment-to-understanding-intelligence-0114
research,CONCEPT,enable,research,CONCEPT,https://news.mit.edu/2026/continued-commitment-to-understanding-intelligence-0114
interfaces,CONCEPT,create,interfaces,CONCEPT,https://news.mit.edu/2026/continued-commitment-to-understanding-intelligence-0114
understanding,CONCEPT,build,understanding,CONCEPT,https://news.mit.edu/2026/continued-commitment-to-understanding-intelligence-0114
decade,DATE,bring,advances,CONCEPT,https://news.mit.edu/2026/continued-commitment-to-understanding-intelligence-0114
advances,CONCEPT,bring,advances,CONCEPT,https://news.mit.edu/2026/continued-commitment-to-understanding-intelligence-0114
what,CONCEPT,call,what,CONCEPT,https://news.mit.edu/2026/continued-commitment-to-understanding-intelligence-0114
we,CONCEPT,call,what,CONCEPT,https://news.mit.edu/2026/continued-commitment-to-understanding-intelligence-0114
us,CONCEPT,support,us,CONCEPT,https://news.mit.edu/2026/continued-commitment-to-understanding-intelligence-0114
Siegel,PERSON,demonstrate,confidence,CONCEPT,https://news.mit.edu/2026/continued-commitment-to-understanding-intelligence-0114
confidence,CONCEPT,demonstrate,confidence,CONCEPT,https://news.mit.edu/2026/continued-commitment-to-understanding-intelligence-0114
SM,PERSON,found,Endowment,ORG,https://news.mit.edu/2026/continued-commitment-to-understanding-intelligence-0114
Endowment,ORG,found,Endowment,ORG,https://news.mit.edu/2026/continued-commitment-to-understanding-intelligence-0114
organizations,CONCEPT,support,organizations,CONCEPT,https://news.mit.edu/2026/continued-commitment-to-understanding-intelligence-0114
SFE,ORG,fund,organizations,CONCEPT,https://news.mit.edu/2026/continued-commitment-to-understanding-intelligence-0114
organizations,CONCEPT,fund,organizations,CONCEPT,https://news.mit.edu/2026/continued-commitment-to-understanding-intelligence-0114
challenges,CONCEPT,address,challenges,CONCEPT,https://news.mit.edu/2026/continued-commitment-to-understanding-intelligence-0114
leaders,CONCEPT,support,leaders,CONCEPT,https://news.mit.edu/2026/continued-commitment-to-understanding-intelligence-0114
work,CONCEPT,drive,work,CONCEPT,https://news.mit.edu/2026/continued-commitment-to-understanding-intelligence-0114
Sigma,ORG,found,Sigma,ORG,https://news.mit.edu/2026/continued-commitment-to-understanding-intelligence-0114
value,CONCEPT,uncover,value,CONCEPT,https://news.mit.edu/2026/continued-commitment-to-understanding-intelligence-0114
Sigma,ORG,drive,transformation,CONCEPT,https://news.mit.edu/2026/continued-commitment-to-understanding-intelligence-0114
transformation,CONCEPT,drive,transformation,CONCEPT,https://news.mit.edu/2026/continued-commitment-to-understanding-intelligence-0114
people,CONCEPT,show,interest,CONCEPT,https://news.mit.edu/2026/continued-commitment-to-understanding-intelligence-0114
interest,CONCEPT,show,interest,CONCEPT,https://news.mit.edu/2026/continued-commitment-to-understanding-intelligence-0114
People,CONCEPT,take,mind,CONCEPT,https://news.mit.edu/2026/continued-commitment-to-understanding-intelligence-0114
mind,CONCEPT,take,mind,CONCEPT,https://news.mit.edu/2026/continued-commitment-to-understanding-intelligence-0114
we,CONCEPT,pursue,research,CONCEPT,https://news.mit.edu/2026/continued-commitment-to-understanding-intelligence-0114
research,CONCEPT,pursue,research,CONCEPT,https://news.mit.edu/2026/continued-commitment-to-understanding-intelligence-0114
understanding,CONCEPT,advance,understanding,CONCEPT,https://news.mit.edu/2026/continued-commitment-to-understanding-intelligence-0114
we,CONCEPT,uncover,more,CONCEPT,https://news.mit.edu/2026/continued-commitment-to-understanding-intelligence-0114
more,CONCEPT,uncover,more,CONCEPT,https://news.mit.edu/2026/continued-commitment-to-understanding-intelligence-0114
we,CONCEPT,lay,groundwork,CONCEPT,https://news.mit.edu/2026/continued-commitment-to-understanding-intelligence-0114
groundwork,CONCEPT,lay,groundwork,CONCEPT,https://news.mit.edu/2026/continued-commitment-to-understanding-intelligence-0114
intelligence,CONCEPT,advance,intelligence,CONCEPT,https://news.mit.edu/2026/continued-commitment-to-understanding-intelligence-0114
thinking,CONCEPT,extend,thinking,CONCEPT,https://news.mit.edu/2026/continued-commitment-to-understanding-intelligence-0114
foundation,CONCEPT,lay,foundation,CONCEPT,https://news.mit.edu/2026/continued-commitment-to-understanding-intelligence-0114
he,CONCEPT,found,Athena,ORG,https://news.mit.edu/2026/continued-commitment-to-understanding-intelligence-0114
Athena,ORG,found,Athena,ORG,https://news.mit.edu/2026/continued-commitment-to-understanding-intelligence-0114
that,CONCEPT,bridge,gap,CONCEPT,https://news.mit.edu/2026/continued-commitment-to-understanding-intelligence-0114
gap,CONCEPT,bridge,gap,CONCEPT,https://news.mit.edu/2026/continued-commitment-to-understanding-intelligence-0114
Athena,ORG,equip,universities,CONCEPT,https://news.mit.edu/2026/continued-commitment-to-understanding-intelligence-0114
universities,CONCEPT,equip,universities,CONCEPT,https://news.mit.edu/2026/continued-commitment-to-understanding-intelligence-0114
discoveries,CONCEPT,accelerate,discoveries,CONCEPT,https://news.mit.edu/2026/continued-commitment-to-understanding-intelligence-0114
Catalyst,ORG,say,Catalyst,ORG,https://news.mit.edu/2026/continued-commitment-to-understanding-intelligence-0114
Kornbluth,PERSON,say,Catalyst,ORG,https://news.mit.edu/2026/continued-commitment-to-understanding-intelligence-0114
generosity,CONCEPT,fuel,Quest,ORG,https://news.mit.edu/2026/continued-commitment-to-understanding-intelligence-0114
Quest,ORG,fuel,Quest,ORG,https://news.mit.edu/2026/continued-commitment-to-understanding-intelligence-0114
which,CONCEPT,rename,Quest,ORG,https://news.mit.edu/2026/continued-commitment-to-understanding-intelligence-0114
Quest,ORG,rename,Quest,ORG,https://news.mit.edu/2026/continued-commitment-to-understanding-intelligence-0114
College,ORG,support,College,ORG,https://news.mit.edu/2026/continued-commitment-to-understanding-intelligence-0114
future,CONCEPT,shape,future,CONCEPT,https://news.mit.edu/2026/continued-commitment-to-understanding-intelligence-0114
role,CONCEPT,take,role,CONCEPT,https://news.mit.edu/2026/continued-commitment-to-understanding-intelligence-0114
scientists,CONCEPT,present,work,CONCEPT,https://news.mit.edu/2026/continued-commitment-to-understanding-intelligence-0114
work,CONCEPT,present,work,CONCEPT,https://news.mit.edu/2026/continued-commitment-to-understanding-intelligence-0114
papers,CONCEPT,publish,papers,CONCEPT,https://news.mit.edu/2026/continued-commitment-to-understanding-intelligence-0114
tools,CONCEPT,develop,tools,CONCEPT,https://news.mit.edu/2026/continued-commitment-to-understanding-intelligence-0114
we,CONCEPT,do,it,CONCEPT,https://news.mit.edu/2026/continued-commitment-to-understanding-intelligence-0114
it,CONCEPT,do,it,CONCEPT,https://news.mit.edu/2026/continued-commitment-to-understanding-intelligence-0114
tools,CONCEPT,use,tools,CONCEPT,https://news.mit.edu/2026/continued-commitment-to-understanding-intelligence-0114
That,CONCEPT,give,insights,CONCEPT,https://news.mit.edu/2026/continued-commitment-to-understanding-intelligence-0114
insights,CONCEPT,give,insights,CONCEPT,https://news.mit.edu/2026/continued-commitment-to-understanding-intelligence-0114
challenges,CONCEPT,face,challenges,CONCEPT,https://news.mit.edu/2026/continued-commitment-to-understanding-intelligence-0114
fundamentals,CONCEPT,understand,fundamentals,CONCEPT,https://news.mit.edu/2026/continued-commitment-to-understanding-intelligence-0114
missions,CONCEPT,integrate,missions,CONCEPT,https://news.mit.edu/2026/continued-commitment-to-understanding-intelligence-0114
investigators,CONCEPT,integrate,missions,CONCEPT,https://news.mit.edu/2026/continued-commitment-to-understanding-intelligence-0114
efforts,CONCEPT,integrate,missions,CONCEPT,https://news.mit.edu/2026/continued-commitment-to-understanding-intelligence-0114
impact,CONCEPT,increase,impact,CONCEPT,https://news.mit.edu/2026/continued-commitment-to-understanding-intelligence-0114
Mission,PRODUCT,launch,Mission,PRODUCT,https://news.mit.edu/2026/continued-commitment-to-understanding-intelligence-0114
that,CONCEPT,mirror,intelligence,CONCEPT,https://news.mit.edu/2026/continued-commitment-to-understanding-intelligence-0114
intelligence,CONCEPT,mirror,intelligence,CONCEPT,https://news.mit.edu/2026/continued-commitment-to-understanding-intelligence-0114
we,CONCEPT,evaluate,models,CONCEPT,https://news.mit.edu/2026/continued-commitment-to-understanding-intelligence-0114
models,CONCEPT,evaluate,models,CONCEPT,https://news.mit.edu/2026/continued-commitment-to-understanding-intelligence-0114
what,CONCEPT,do,what,CONCEPT,https://news.mit.edu/2026/continued-commitment-to-understanding-intelligence-0114
humans,CONCEPT,do,what,CONCEPT,https://news.mit.edu/2026/continued-commitment-to-understanding-intelligence-0114
questions,CONCEPT,ask,questions,CONCEPT,https://news.mit.edu/2026/continued-commitment-to-understanding-intelligence-0114
tasks,CONCEPT,pick,tasks,CONCEPT,https://news.mit.edu/2026/continued-commitment-to-understanding-intelligence-0114
that,CONCEPT,test,models,CONCEPT,https://news.mit.edu/2026/continued-commitment-to-understanding-intelligence-0114
models,CONCEPT,test,models,CONCEPT,https://news.mit.edu/2026/continued-commitment-to-understanding-intelligence-0114
tasks,CONCEPT,pick,tasks,CONCEPT,https://news.mit.edu/2026/continued-commitment-to-understanding-intelligence-0114
tasks,CONCEPT,choose,tasks,CONCEPT,https://news.mit.edu/2026/continued-commitment-to-understanding-intelligence-0114
that,CONCEPT,elicit,something,CONCEPT,https://news.mit.edu/2026/continued-commitment-to-understanding-intelligence-0114
something,CONCEPT,elicit,something,CONCEPT,https://news.mit.edu/2026/continued-commitment-to-understanding-intelligence-0114
chapter,CONCEPT,celebrate,chapter,CONCEPT,https://news.mit.edu/2026/continued-commitment-to-understanding-intelligence-0114
intelligence,CONCEPT,capture,headlines,CONCEPT,https://news.mit.edu/2026/3-questions-how-ai-could-optimize-power-grid-0109
headlines,CONCEPT,capture,headlines,CONCEPT,https://news.mit.edu/2026/3-questions-how-ai-could-optimize-power-grid-0109
that,CONCEPT,enable,training,CONCEPT,https://news.mit.edu/2026/3-questions-how-ai-could-optimize-power-grid-0109
training,CONCEPT,enable,training,CONCEPT,https://news.mit.edu/2026/3-questions-how-ai-could-optimize-power-grid-0109
it,CONCEPT,’,news,CONCEPT,https://news.mit.edu/2026/3-questions-how-ai-could-optimize-power-grid-0109
tools,CONCEPT,have,potential,CONCEPT,https://news.mit.edu/2026/3-questions-how-ai-could-optimize-power-grid-0109
potential,CONCEPT,have,potential,CONCEPT,https://news.mit.edu/2026/3-questions-how-ai-could-optimize-power-grid-0109
forms,CONCEPT,reduce,forms,CONCEPT,https://news.mit.edu/2026/3-questions-how-ai-could-optimize-power-grid-0109
grids,CONCEPT,enable,grids,CONCEPT,https://news.mit.edu/2026/3-questions-how-ai-could-optimize-power-grid-0109
One,CARDINAL,use,AI,CONCEPT,https://news.mit.edu/2026/3-questions-how-ai-could-optimize-power-grid-0109
AI,CONCEPT,use,AI,CONCEPT,https://news.mit.edu/2026/3-questions-how-ai-could-optimize-power-grid-0109
grid,CONCEPT,optimize,grid,CONCEPT,https://news.mit.edu/2026/3-questions-how-ai-could-optimize-power-grid-0109
which,CONCEPT,improve,efficiency,CONCEPT,https://news.mit.edu/2026/3-questions-how-ai-could-optimize-power-grid-0109
efficiency,CONCEPT,improve,efficiency,CONCEPT,https://news.mit.edu/2026/3-questions-how-ai-could-optimize-power-grid-0109
resilience,CONCEPT,increase,resilience,CONCEPT,https://news.mit.edu/2026/3-questions-how-ai-could-optimize-power-grid-0109
integration,CONCEPT,enable,integration,CONCEPT,https://news.mit.edu/2026/3-questions-how-ai-could-optimize-power-grid-0109
more,CONCEPT,learn,more,CONCEPT,https://news.mit.edu/2026/3-questions-how-ai-could-optimize-power-grid-0109
learning,CONCEPT,apply,learning,CONCEPT,https://news.mit.edu/2026/3-questions-how-ai-could-optimize-power-grid-0109
grid,CONCEPT,optimize,grid,CONCEPT,https://news.mit.edu/2026/3-questions-how-ai-could-optimize-power-grid-0109
balance,CONCEPT,maintain,balance,CONCEPT,https://news.mit.edu/2026/3-questions-how-ai-could-optimize-power-grid-0109
we,CONCEPT,have,uncertainty,CONCEPT,https://news.mit.edu/2026/3-questions-how-ai-could-optimize-power-grid-0109
uncertainty,CONCEPT,have,uncertainty,CONCEPT,https://news.mit.edu/2026/3-questions-how-ai-could-optimize-power-grid-0109
companies,CONCEPT,ask,customers,CONCEPT,https://news.mit.edu/2026/3-questions-how-ai-could-optimize-power-grid-0109
customers,CONCEPT,ask,customers,CONCEPT,https://news.mit.edu/2026/3-questions-how-ai-could-optimize-power-grid-0109
amount,CONCEPT,register,amount,CONCEPT,https://news.mit.edu/2026/3-questions-how-ai-could-optimize-power-grid-0109
That,CONCEPT,become,issue,CONCEPT,https://news.mit.edu/2026/3-questions-how-ai-could-optimize-power-grid-0109
uncertainty,CONCEPT,have,impact,CONCEPT,https://news.mit.edu/2026/3-questions-how-ai-could-optimize-power-grid-0109
impact,CONCEPT,have,impact,CONCEPT,https://news.mit.edu/2026/3-questions-how-ai-could-optimize-power-grid-0109
combination,CONCEPT,use,combination,CONCEPT,https://news.mit.edu/2026/3-questions-how-ai-could-optimize-power-grid-0109
predictions,CONCEPT,make,predictions,CONCEPT,https://news.mit.edu/2026/3-questions-how-ai-could-optimize-power-grid-0109
resources,CONCEPT,utilize,resources,CONCEPT,https://news.mit.edu/2026/3-questions-how-ai-could-optimize-power-grid-0109
problems,CONCEPT,tackle,problems,CONCEPT,https://news.mit.edu/2026/3-questions-how-ai-could-optimize-power-grid-0109
that,CONCEPT,solve,that,CONCEPT,https://news.mit.edu/2026/3-questions-how-ai-could-optimize-power-grid-0109
operators,CONCEPT,solve,that,CONCEPT,https://news.mit.edu/2026/3-questions-how-ai-could-optimize-power-grid-0109
supply,CONCEPT,balance,supply,CONCEPT,https://news.mit.edu/2026/3-questions-how-ai-could-optimize-power-grid-0109
that,CONCEPT,reduce,costs,CONCEPT,https://news.mit.edu/2026/3-questions-how-ai-could-optimize-power-grid-0109
costs,CONCEPT,reduce,costs,CONCEPT,https://news.mit.edu/2026/3-questions-how-ai-could-optimize-power-grid-0109
generators,CONCEPT,produce,power,CONCEPT,https://news.mit.edu/2026/3-questions-how-ai-could-optimize-power-grid-0109
power,CONCEPT,produce,power,CONCEPT,https://news.mit.edu/2026/3-questions-how-ai-could-optimize-power-grid-0109
much,CONCEPT,produce,much,CONCEPT,https://news.mit.edu/2026/3-questions-how-ai-could-optimize-power-grid-0109
they,CONCEPT,produce,much,CONCEPT,https://news.mit.edu/2026/3-questions-how-ai-could-optimize-power-grid-0109
they,CONCEPT,produce,it,CONCEPT,https://news.mit.edu/2026/3-questions-how-ai-could-optimize-power-grid-0109
it,CONCEPT,produce,it,CONCEPT,https://news.mit.edu/2026/3-questions-how-ai-could-optimize-power-grid-0109
we,CONCEPT,leverage,flexibility,CONCEPT,https://news.mit.edu/2026/3-questions-how-ai-could-optimize-power-grid-0109
flexibility,CONCEPT,leverage,flexibility,CONCEPT,https://news.mit.edu/2026/3-questions-how-ai-could-optimize-power-grid-0109
operators,CONCEPT,use,approximations,CONCEPT,https://news.mit.edu/2026/3-questions-how-ai-could-optimize-power-grid-0109
approximations,CONCEPT,use,approximations,CONCEPT,https://news.mit.edu/2026/3-questions-how-ai-could-optimize-power-grid-0109
they,CONCEPT,solve,them,CONCEPT,https://news.mit.edu/2026/3-questions-how-ai-could-optimize-power-grid-0109
them,CONCEPT,solve,them,CONCEPT,https://news.mit.edu/2026/3-questions-how-ai-could-optimize-power-grid-0109
we,CONCEPT,integrate,energy,CONCEPT,https://news.mit.edu/2026/3-questions-how-ai-could-optimize-power-grid-0109
energy,CONCEPT,integrate,energy,CONCEPT,https://news.mit.edu/2026/3-questions-how-ai-could-optimize-power-grid-0109
approximations,CONCEPT,provide,approximations,CONCEPT,https://news.mit.edu/2026/3-questions-how-ai-could-optimize-power-grid-0109
operators,CONCEPT,manage,grid,CONCEPT,https://news.mit.edu/2026/3-questions-how-ai-could-optimize-power-grid-0109
grid,CONCEPT,manage,grid,CONCEPT,https://news.mit.edu/2026/3-questions-how-ai-could-optimize-power-grid-0109
Planning,CONCEPT,require,one,CONCEPT,https://news.mit.edu/2026/3-questions-how-ai-could-optimize-power-grid-0109
one,CONCEPT,require,one,CONCEPT,https://news.mit.edu/2026/3-questions-how-ai-could-optimize-power-grid-0109
models,CONCEPT,use,models,CONCEPT,https://news.mit.edu/2026/3-questions-how-ai-could-optimize-power-grid-0109
AI,CONCEPT,play,role,CONCEPT,https://news.mit.edu/2026/3-questions-how-ai-could-optimize-power-grid-0109
role,CONCEPT,play,role,CONCEPT,https://news.mit.edu/2026/3-questions-how-ai-could-optimize-power-grid-0109
models,CONCEPT,run,models,CONCEPT,https://news.mit.edu/2026/3-questions-how-ai-could-optimize-power-grid-0109
inefficiencies,CONCEPT,reduce,inefficiencies,CONCEPT,https://news.mit.edu/2026/3-questions-how-ai-could-optimize-power-grid-0109
experimentation,CONCEPT,accelerate,experimentation,CONCEPT,https://news.mit.edu/2026/3-questions-how-ai-could-optimize-power-grid-0109
batteries,CONCEPT,create,batteries,CONCEPT,https://news.mit.edu/2026/3-questions-how-ai-could-optimize-power-grid-0109
which,CONCEPT,allow,integration,CONCEPT,https://news.mit.edu/2026/3-questions-how-ai-could-optimize-power-grid-0109
integration,CONCEPT,allow,integration,CONCEPT,https://news.mit.edu/2026/3-questions-how-ai-could-optimize-power-grid-0109
you,CONCEPT,use,model,CONCEPT,https://news.mit.edu/2026/3-questions-how-ai-could-optimize-power-grid-0109
model,CONCEPT,use,model,CONCEPT,https://news.mit.edu/2026/3-questions-how-ai-could-optimize-power-grid-0109
energy,CONCEPT,consume,energy,CONCEPT,https://news.mit.edu/2026/3-questions-how-ai-could-optimize-power-grid-0109
you,CONCEPT,use,models,CONCEPT,https://news.mit.edu/2026/3-questions-how-ai-could-optimize-power-grid-0109
models,CONCEPT,use,models,CONCEPT,https://news.mit.edu/2026/3-questions-how-ai-could-optimize-power-grid-0109
applications,CONCEPT,enable,benefits,CONCEPT,https://news.mit.edu/2026/3-questions-how-ai-could-optimize-power-grid-0109
benefits,CONCEPT,enable,benefits,CONCEPT,https://news.mit.edu/2026/3-questions-how-ai-could-optimize-power-grid-0109
renewables,CONCEPT,incorporate,renewables,CONCEPT,https://news.mit.edu/2026/3-questions-how-ai-could-optimize-power-grid-0109
strategies,CONCEPT,support,strategies,CONCEPT,https://news.mit.edu/2026/3-questions-how-ai-could-optimize-power-grid-0109
that,CONCEPT,have,benefits,CONCEPT,https://news.mit.edu/2026/3-questions-how-ai-could-optimize-power-grid-0109
benefits,CONCEPT,have,benefits,CONCEPT,https://news.mit.edu/2026/3-questions-how-ai-could-optimize-power-grid-0109
algorithms,CONCEPT,develop,algorithms,CONCEPT,https://news.mit.edu/2026/3-questions-how-ai-could-optimize-power-grid-0109
that,CONCEPT,respect,constraints,CONCEPT,https://news.mit.edu/2026/3-questions-how-ai-could-optimize-power-grid-0109
constraints,CONCEPT,respect,constraints,CONCEPT,https://news.mit.edu/2026/3-questions-how-ai-could-optimize-power-grid-0109
we,CONCEPT,deploy,them,CONCEPT,https://news.mit.edu/2026/3-questions-how-ai-could-optimize-power-grid-0109
them,CONCEPT,deploy,them,CONCEPT,https://news.mit.edu/2026/3-questions-how-ai-could-optimize-power-grid-0109
LLM,CONCEPT,say,something,CONCEPT,https://news.mit.edu/2026/3-questions-how-ai-could-optimize-power-grid-0109
something,CONCEPT,say,something,CONCEPT,https://news.mit.edu/2026/3-questions-how-ai-could-optimize-power-grid-0109
you,CONCEPT,make,magnitude,CONCEPT,https://news.mit.edu/2026/3-questions-how-ai-could-optimize-power-grid-0109
magnitude,CONCEPT,make,magnitude,CONCEPT,https://news.mit.edu/2026/3-questions-how-ai-could-optimize-power-grid-0109
you,CONCEPT,optimize,grid,CONCEPT,https://news.mit.edu/2026/3-questions-how-ai-could-optimize-power-grid-0109
grid,CONCEPT,optimize,grid,CONCEPT,https://news.mit.edu/2026/3-questions-how-ai-could-optimize-power-grid-0109
that,CONCEPT,cause,blackout,CONCEPT,https://news.mit.edu/2026/3-questions-how-ai-could-optimize-power-grid-0109
blackout,CONCEPT,cause,blackout,CONCEPT,https://news.mit.edu/2026/3-questions-how-ai-could-optimize-power-grid-0109
models,CONCEPT,build,models,CONCEPT,https://news.mit.edu/2026/3-questions-how-ai-could-optimize-power-grid-0109
this,CONCEPT,provide,opportunity,CONCEPT,https://news.mit.edu/2026/3-questions-how-ai-could-optimize-power-grid-0109
opportunity,CONCEPT,provide,opportunity,CONCEPT,https://news.mit.edu/2026/3-questions-how-ai-could-optimize-power-grid-0109
those,CONCEPT,put,efforts,CONCEPT,https://news.mit.edu/2026/3-questions-how-ai-could-optimize-power-grid-0109
efforts,CONCEPT,put,efforts,CONCEPT,https://news.mit.edu/2026/3-questions-how-ai-could-optimize-power-grid-0109
system,CONCEPT,foster,system,CONCEPT,https://news.mit.edu/2026/3-questions-how-ai-could-optimize-power-grid-0109
industry,CONCEPT,withhold,information,CONCEPT,https://hai.stanford.edu/news/transparency-in-ai-is-on-the-decline
information,CONCEPT,withhold,information,CONCEPT,https://hai.stanford.edu/news/transparency-in-ai-is-on-the-decline
Billions,CARDINAL,use,models,CONCEPT,https://hai.stanford.edu/news/transparency-in-ai-is-on-the-decline
models,CONCEPT,use,models,CONCEPT,https://hai.stanford.edu/news/transparency-in-ai-is-on-the-decline
images,CONCEPT,generate,images,CONCEPT,https://hai.stanford.edu/news/transparency-in-ai-is-on-the-decline
companies,CONCEPT,build,future,CONCEPT,https://hai.stanford.edu/news/transparency-in-ai-is-on-the-decline
future,CONCEPT,build,future,CONCEPT,https://hai.stanford.edu/news/transparency-in-ai-is-on-the-decline
team,CONCEPT,publish,Index,CONCEPT,https://hai.stanford.edu/news/transparency-in-ai-is-on-the-decline
Index,CONCEPT,publish,Index,CONCEPT,https://hai.stanford.edu/news/transparency-in-ai-is-on-the-decline
FMTI,CONCEPT,score,companies,CONCEPT,https://hai.stanford.edu/news/transparency-in-ai-is-on-the-decline
companies,CONCEPT,score,companies,CONCEPT,https://hai.stanford.edu/news/transparency-in-ai-is-on-the-decline
discrepancies,CONCEPT,find,discrepancies,CONCEPT,https://hai.stanford.edu/news/transparency-in-ai-is-on-the-decline
companies,CONCEPT,prioritize,transparency,CONCEPT,https://hai.stanford.edu/news/transparency-in-ai-is-on-the-decline
transparency,CONCEPT,prioritize,transparency,CONCEPT,https://hai.stanford.edu/news/transparency-in-ai-is-on-the-decline
that,CONCEPT,assess,transparency,CONCEPT,https://hai.stanford.edu/news/transparency-in-ai-is-on-the-decline
transparency,CONCEPT,assess,transparency,CONCEPT,https://hai.stanford.edu/news/transparency-in-ai-is-on-the-decline
that,CONCEPT,span,topics,CONCEPT,https://hai.stanford.edu/news/transparency-in-ai-is-on-the-decline
topics,CONCEPT,span,topics,CONCEPT,https://hai.stanford.edu/news/transparency-in-ai-is-on-the-decline
companies,CONCEPT,score,points,CONCEPT,https://hai.stanford.edu/news/transparency-in-ai-is-on-the-decline
points,CONCEPT,score,points,CONCEPT,https://hai.stanford.edu/news/transparency-in-ai-is-on-the-decline
performers,CONCEPT,score,75,CARDINAL,https://hai.stanford.edu/news/transparency-in-ai-is-on-the-decline
75,CARDINAL,score,75,CARDINAL,https://hai.stanford.edu/news/transparency-in-ai-is-on-the-decline
scorers,CONCEPT,average,15,CARDINAL,https://hai.stanford.edu/news/transparency-in-ai-is-on-the-decline
15,CARDINAL,average,15,CARDINAL,https://hai.stanford.edu/news/transparency-in-ai-is-on-the-decline
IBM,ORG,score,score,CONCEPT,https://hai.stanford.edu/news/transparency-in-ai-is-on-the-decline
score,CONCEPT,score,score,CONCEPT,https://hai.stanford.edu/news/transparency-in-ai-is-on-the-decline
IBM,ORG,set,precedent,CONCEPT,https://hai.stanford.edu/news/transparency-in-ai-is-on-the-decline
precedent,CONCEPT,set,precedent,CONCEPT,https://hai.stanford.edu/news/transparency-in-ai-is-on-the-decline
information,CONCEPT,disclose,information,CONCEPT,https://hai.stanford.edu/news/transparency-in-ai-is-on-the-decline
company,CONCEPT,share,practices,CONCEPT,https://hai.stanford.edu/news/transparency-in-ai-is-on-the-decline
practices,CONCEPT,share,practices,CONCEPT,https://hai.stanford.edu/news/transparency-in-ai-is-on-the-decline
detail,CONCEPT,provide,detail,CONCEPT,https://hai.stanford.edu/news/transparency-in-ai-is-on-the-decline
researchers,CONCEPT,replicate,data,CONCEPT,https://hai.stanford.edu/news/transparency-in-ai-is-on-the-decline
data,CONCEPT,replicate,data,CONCEPT,https://hai.stanford.edu/news/transparency-in-ai-is-on-the-decline
access,CONCEPT,grant,access,CONCEPT,https://hai.stanford.edu/news/transparency-in-ai-is-on-the-decline
They,CONCEPT,share,information,CONCEPT,https://hai.stanford.edu/news/transparency-in-ai-is-on-the-decline
information,CONCEPT,share,information,CONCEPT,https://hai.stanford.edu/news/transparency-in-ai-is-on-the-decline
models,CONCEPT,build,models,CONCEPT,https://hai.stanford.edu/news/transparency-in-ai-is-on-the-decline
risks,CONCEPT,mitigate,risks,CONCEPT,https://hai.stanford.edu/news/transparency-in-ai-is-on-the-decline
companies,CONCEPT,share,information,CONCEPT,https://hai.stanford.edu/news/transparency-in-ai-is-on-the-decline
information,CONCEPT,share,information,CONCEPT,https://hai.stanford.edu/news/transparency-in-ai-is-on-the-decline
models,CONCEPT,deploy,models,CONCEPT,https://hai.stanford.edu/news/transparency-in-ai-is-on-the-decline
transparency,CONCEPT,prioritize,transparency,CONCEPT,https://hai.stanford.edu/news/transparency-in-ai-is-on-the-decline
Index,CONCEPT,see,dip,CONCEPT,https://hai.stanford.edu/news/transparency-in-ai-is-on-the-decline
which,CONCEPT,track,transparency,CONCEPT,https://hai.stanford.edu/news/transparency-in-ai-is-on-the-decline
transparency,CONCEPT,track,transparency,CONCEPT,https://hai.stanford.edu/news/transparency-in-ai-is-on-the-decline
dip,CONCEPT,see,dip,CONCEPT,https://hai.stanford.edu/news/transparency-in-ai-is-on-the-decline
work,CONCEPT,reveal,state,CONCEPT,https://hai.stanford.edu/news/transparency-in-ai-is-on-the-decline
state,CONCEPT,reveal,state,CONCEPT,https://hai.stanford.edu/news/transparency-in-ai-is-on-the-decline
indicators,CONCEPT,update,indicators,CONCEPT,https://hai.stanford.edu/news/transparency-in-ai-is-on-the-decline
companies,CONCEPT,decrease,transparency,CONCEPT,https://hai.stanford.edu/news/transparency-in-ai-is-on-the-decline
transparency,CONCEPT,decrease,transparency,CONCEPT,https://hai.stanford.edu/news/transparency-in-ai-is-on-the-decline
edition,CONCEPT,include,companies,CONCEPT,https://hai.stanford.edu/news/transparency-in-ai-is-on-the-decline
companies,CONCEPT,include,companies,CONCEPT,https://hai.stanford.edu/news/transparency-in-ai-is-on-the-decline
Alibaba,ORG,include,companies,CONCEPT,https://hai.stanford.edu/news/transparency-in-ai-is-on-the-decline
changes,CONCEPT,reflect,changes,CONCEPT,https://hai.stanford.edu/news/transparency-in-ai-is-on-the-decline
changes,CONCEPT,reflect,changes,CONCEPT,https://hai.stanford.edu/news/transparency-in-ai-is-on-the-decline
Meta,ORG,release,report,CONCEPT,https://hai.stanford.edu/news/transparency-in-ai-is-on-the-decline
report,CONCEPT,release,report,CONCEPT,https://hai.stanford.edu/news/transparency-in-ai-is-on-the-decline
card,CONCEPT,release,card,CONCEPT,https://hai.stanford.edu/news/transparency-in-ai-is-on-the-decline
scrutiny,CONCEPT,prompt,scrutiny,CONCEPT,https://hai.stanford.edu/news/transparency-in-ai-is-on-the-decline
documents,CONCEPT,release,documents,CONCEPT,https://hai.stanford.edu/news/transparency-in-ai-is-on-the-decline
Index,ORG,score,companies,CONCEPT,https://hai.stanford.edu/news/transparency-in-ai-is-on-the-decline
companies,CONCEPT,score,companies,CONCEPT,https://hai.stanford.edu/news/transparency-in-ai-is-on-the-decline
Index,CONCEPT,clarify,terrain,CONCEPT,https://hai.stanford.edu/news/transparency-in-ai-is-on-the-decline
terrain,CONCEPT,clarify,terrain,CONCEPT,https://hai.stanford.edu/news/transparency-in-ai-is-on-the-decline
Each,CONCEPT,link,developers,CONCEPT,https://hai.stanford.edu/news/transparency-in-ai-is-on-the-decline
developers,CONCEPT,link,developers,CONCEPT,https://hai.stanford.edu/news/transparency-in-ai-is-on-the-decline
companies,CONCEPT,disclose,none,CONCEPT,https://hai.stanford.edu/news/transparency-in-ai-is-on-the-decline
none,CONCEPT,disclose,none,CONCEPT,https://hai.stanford.edu/news/transparency-in-ai-is-on-the-decline
Labs,ORG,disclose,none,CONCEPT,https://hai.stanford.edu/news/transparency-in-ai-is-on-the-decline
This,CONCEPT,include,information,CONCEPT,https://hai.stanford.edu/news/transparency-in-ai-is-on-the-decline
information,CONCEPT,include,information,CONCEPT,https://hai.stanford.edu/news/transparency-in-ai-is-on-the-decline
information,CONCEPT,withhold,information,CONCEPT,https://hai.stanford.edu/news/transparency-in-ai-is-on-the-decline
investments,CONCEPT,strain,grid,CONCEPT,https://hai.stanford.edu/news/transparency-in-ai-is-on-the-decline
grid,CONCEPT,strain,grid,CONCEPT,https://hai.stanford.edu/news/transparency-in-ai-is-on-the-decline
Openness,CONCEPT,guarantee,transparency,CONCEPT,https://hai.stanford.edu/news/transparency-in-ai-is-on-the-decline
transparency,CONCEPT,guarantee,transparency,CONCEPT,https://hai.stanford.edu/news/transparency-in-ai-is-on-the-decline
terms,CONCEPT,distinguish,terms,CONCEPT,https://hai.stanford.edu/news/transparency-in-ai-is-on-the-decline
it,CONCEPT,disclose,information,CONCEPT,https://hai.stanford.edu/news/transparency-in-ai-is-on-the-decline
information,CONCEPT,disclose,information,CONCEPT,https://hai.stanford.edu/news/transparency-in-ai-is-on-the-decline
release,CONCEPT,guarantee,transparency,CONCEPT,https://hai.stanford.edu/news/transparency-in-ai-is-on-the-decline
transparency,CONCEPT,guarantee,transparency,CONCEPT,https://hai.stanford.edu/news/transparency-in-ai-is-on-the-decline
choice,CONCEPT,confer,transparency,CONCEPT,https://hai.stanford.edu/news/transparency-in-ai-is-on-the-decline
weights,CONCEPT,release,weights,CONCEPT,https://hai.stanford.edu/news/transparency-in-ai-is-on-the-decline
transparency,CONCEPT,confer,transparency,CONCEPT,https://hai.stanford.edu/news/transparency-in-ai-is-on-the-decline
information,CONCEPT,share,information,CONCEPT,https://hai.stanford.edu/news/transparency-in-ai-is-on-the-decline
governance,CONCEPT,ensure,governance,CONCEPT,https://hai.stanford.edu/news/transparency-in-ai-is-on-the-decline
harms,CONCEPT,mitigate,harms,CONCEPT,https://hai.stanford.edu/news/transparency-in-ai-is-on-the-decline
oversight,CONCEPT,promote,oversight,CONCEPT,https://hai.stanford.edu/news/transparency-in-ai-is-on-the-decline
California,GPE,pass,laws,CONCEPT,https://hai.stanford.edu/news/transparency-in-ai-is-on-the-decline
laws,CONCEPT,pass,laws,CONCEPT,https://hai.stanford.edu/news/transparency-in-ai-is-on-the-decline
that,CONCEPT,mandate,transparency,CONCEPT,https://hai.stanford.edu/news/transparency-in-ai-is-on-the-decline
transparency,CONCEPT,mandate,transparency,CONCEPT,https://hai.stanford.edu/news/transparency-in-ai-is-on-the-decline
Ball,PERSON,propose,measures,CONCEPT,https://hai.stanford.edu/news/transparency-in-ai-is-on-the-decline
measures,CONCEPT,propose,measures,CONCEPT,https://hai.stanford.edu/news/transparency-in-ai-is-on-the-decline
state,CONCEPT,identify,state,CONCEPT,https://hai.stanford.edu/news/transparency-in-ai-is-on-the-decline
more,CONCEPT,learn,more,CONCEPT,https://hai.stanford.edu/news/transparency-in-ai-is-on-the-decline
reports,CONCEPT,explore,reports,CONCEPT,https://hai.stanford.edu/news/transparency-in-ai-is-on-the-decline
report,CONCEPT,read,report,CONCEPT,https://hai.stanford.edu/news/transparency-in-ai-is-on-the-decline
that,CONCEPT,describe,methods,CONCEPT,https://hai.stanford.edu/news/transparency-in-ai-is-on-the-decline
methods,CONCEPT,describe,methods,CONCEPT,https://hai.stanford.edu/news/transparency-in-ai-is-on-the-decline
AI,CONCEPT,use,AI,CONCEPT,https://www.quantamagazine.org/using-ai-mathematicians-find-hidden-glitches-in-fluid-equations-20260109/
Mathematicians,CONCEPT,find,Glitches,CONCEPT,https://www.quantamagazine.org/using-ai-mathematicians-find-hidden-glitches-in-fluid-equations-20260109/
Glitches,CONCEPT,find,Glitches,CONCEPT,https://www.quantamagazine.org/using-ai-mathematicians-find-hidden-glitches-in-fluid-equations-20260109/
physicists,CONCEPT,put,touches,CONCEPT,https://www.quantamagazine.org/using-ai-mathematicians-find-hidden-glitches-in-fluid-equations-20260109/
touches,CONCEPT,put,touches,CONCEPT,https://www.quantamagazine.org/using-ai-mathematicians-find-hidden-glitches-in-fluid-equations-20260109/
way,CONCEPT,thread,way,CONCEPT,https://www.quantamagazine.org/using-ai-mathematicians-find-hidden-glitches-in-fluid-equations-20260109/
They,CONCEPT,have,hunch,CONCEPT,https://www.quantamagazine.org/using-ai-mathematicians-find-hidden-glitches-in-fluid-equations-20260109/
hunch,CONCEPT,have,hunch,CONCEPT,https://www.quantamagazine.org/using-ai-mathematicians-find-hidden-glitches-in-fluid-equations-20260109/
equations,CONCEPT,predict,fluid,CONCEPT,https://www.quantamagazine.org/using-ai-mathematicians-find-hidden-glitches-in-fluid-equations-20260109/
fluid,CONCEPT,predict,fluid,CONCEPT,https://www.quantamagazine.org/using-ai-mathematicians-find-hidden-glitches-in-fluid-equations-20260109/
flow,CONCEPT,reverse,flow,CONCEPT,https://www.quantamagazine.org/using-ai-mathematicians-find-hidden-glitches-in-fluid-equations-20260109/
mathematicians,CONCEPT,put,it,CONCEPT,https://www.quantamagazine.org/using-ai-mathematicians-find-hidden-glitches-in-fluid-equations-20260109/
it,CONCEPT,put,it,CONCEPT,https://www.quantamagazine.org/using-ai-mathematicians-find-hidden-glitches-in-fluid-equations-20260109/
problem,CONCEPT,solve,problem,CONCEPT,https://www.quantamagazine.org/using-ai-mathematicians-find-hidden-glitches-in-fluid-equations-20260109/
They,CONCEPT,find,them,CONCEPT,https://www.quantamagazine.org/using-ai-mathematicians-find-hidden-glitches-in-fluid-equations-20260109/
them,CONCEPT,find,them,CONCEPT,https://www.quantamagazine.org/using-ai-mathematicians-find-hidden-glitches-in-fluid-equations-20260109/
we,CONCEPT,see,them,CONCEPT,https://www.quantamagazine.org/using-ai-mathematicians-find-hidden-glitches-in-fluid-equations-20260109/
them,CONCEPT,see,them,CONCEPT,https://www.quantamagazine.org/using-ai-mathematicians-find-hidden-glitches-in-fluid-equations-20260109/
who,CONCEPT,formulate,challenge,CONCEPT,https://www.quantamagazine.org/using-ai-mathematicians-find-hidden-glitches-in-fluid-equations-20260109/
challenge,CONCEPT,formulate,challenge,CONCEPT,https://www.quantamagazine.org/using-ai-mathematicians-find-hidden-glitches-in-fluid-equations-20260109/
group,CONCEPT,develop,way,CONCEPT,https://www.quantamagazine.org/using-ai-mathematicians-find-hidden-glitches-in-fluid-equations-20260109/
way,CONCEPT,develop,way,CONCEPT,https://www.quantamagazine.org/using-ai-mathematicians-find-hidden-glitches-in-fluid-equations-20260109/
machines,CONCEPT,train,machines,CONCEPT,https://www.quantamagazine.org/using-ai-mathematicians-find-hidden-glitches-in-fluid-equations-20260109/
glitches,CONCEPT,spot,glitches,CONCEPT,https://www.quantamagazine.org/using-ai-mathematicians-find-hidden-glitches-in-fluid-equations-20260109/
they,CONCEPT,reexamine,equations,CONCEPT,https://www.quantamagazine.org/using-ai-mathematicians-find-hidden-glitches-in-fluid-equations-20260109/
equations,CONCEPT,reexamine,equations,CONCEPT,https://www.quantamagazine.org/using-ai-mathematicians-find-hidden-glitches-in-fluid-equations-20260109/
singularity,CONCEPT,host,singularity,CONCEPT,https://www.quantamagazine.org/using-ai-mathematicians-find-hidden-glitches-in-fluid-equations-20260109/
they,CONCEPT,find,scenarios,CONCEPT,https://www.quantamagazine.org/using-ai-mathematicians-find-hidden-glitches-in-fluid-equations-20260109/
scenarios,CONCEPT,find,scenarios,CONCEPT,https://www.quantamagazine.org/using-ai-mathematicians-find-hidden-glitches-in-fluid-equations-20260109/
assortment,CONCEPT,discover,assortment,CONCEPT,https://www.quantamagazine.org/using-ai-mathematicians-find-hidden-glitches-in-fluid-equations-20260109/
They,CONCEPT,find,singularities,CONCEPT,https://www.quantamagazine.org/using-ai-mathematicians-find-hidden-glitches-in-fluid-equations-20260109/
singularities,CONCEPT,find,singularities,CONCEPT,https://www.quantamagazine.org/using-ai-mathematicians-find-hidden-glitches-in-fluid-equations-20260109/
success,CONCEPT,raise,hopes,CONCEPT,https://www.quantamagazine.org/using-ai-mathematicians-find-hidden-glitches-in-fluid-equations-20260109/
singularities,CONCEPT,uncover,singularities,CONCEPT,https://www.quantamagazine.org/using-ai-mathematicians-find-hidden-glitches-in-fluid-equations-20260109/
hopes,CONCEPT,raise,hopes,CONCEPT,https://www.quantamagazine.org/using-ai-mathematicians-find-hidden-glitches-in-fluid-equations-20260109/
blowups,CONCEPT,find,blowups,CONCEPT,https://www.quantamagazine.org/using-ai-mathematicians-find-hidden-glitches-in-fluid-equations-20260109/
idea,CONCEPT,prevent,discovery,CONCEPT,https://www.quantamagazine.org/using-ai-mathematicians-find-hidden-glitches-in-fluid-equations-20260109/
discovery,CONCEPT,prevent,discovery,CONCEPT,https://www.quantamagazine.org/using-ai-mathematicians-find-hidden-glitches-in-fluid-equations-20260109/
solution,CONCEPT,capture,slice,CONCEPT,https://www.quantamagazine.org/using-ai-mathematicians-find-hidden-glitches-in-fluid-equations-20260109/
slice,CONCEPT,capture,slice,CONCEPT,https://www.quantamagazine.org/using-ai-mathematicians-find-hidden-glitches-in-fluid-equations-20260109/
equations,CONCEPT,solve,equations,CONCEPT,https://www.quantamagazine.org/using-ai-mathematicians-find-hidden-glitches-in-fluid-equations-20260109/
velocity,CONCEPT,tell,velocity,CONCEPT,https://www.quantamagazine.org/using-ai-mathematicians-find-hidden-glitches-in-fluid-equations-20260109/
solution,CONCEPT,make,sense,CONCEPT,https://www.quantamagazine.org/using-ai-mathematicians-find-hidden-glitches-in-fluid-equations-20260109/
that,CONCEPT,satisfy,equations,CONCEPT,https://www.quantamagazine.org/using-ai-mathematicians-find-hidden-glitches-in-fluid-equations-20260109/
equations,CONCEPT,satisfy,equations,CONCEPT,https://www.quantamagazine.org/using-ai-mathematicians-find-hidden-glitches-in-fluid-equations-20260109/
sense,CONCEPT,make,sense,CONCEPT,https://www.quantamagazine.org/using-ai-mathematicians-find-hidden-glitches-in-fluid-equations-20260109/
equations,CONCEPT,tackle,equations,CONCEPT,https://www.quantamagazine.org/using-ai-mathematicians-find-hidden-glitches-in-fluid-equations-20260109/
solution,CONCEPT,find,solution,CONCEPT,https://www.quantamagazine.org/using-ai-mathematicians-find-hidden-glitches-in-fluid-equations-20260109/
computer,CONCEPT,use,computer,CONCEPT,https://www.quantamagazine.org/using-ai-mathematicians-find-hidden-glitches-in-fluid-equations-20260109/
motion,CONCEPT,simulate,motion,CONCEPT,https://www.quantamagazine.org/using-ai-mathematicians-find-hidden-glitches-in-fluid-equations-20260109/
sense,CONCEPT,get,sense,CONCEPT,https://www.quantamagazine.org/using-ai-mathematicians-find-hidden-glitches-in-fluid-equations-20260109/
blowup,CONCEPT,produce,blowup,CONCEPT,https://www.quantamagazine.org/using-ai-mathematicians-find-hidden-glitches-in-fluid-equations-20260109/
you,CONCEPT,identify,conditions,CONCEPT,https://www.quantamagazine.org/using-ai-mathematicians-find-hidden-glitches-in-fluid-equations-20260109/
conditions,CONCEPT,identify,conditions,CONCEPT,https://www.quantamagazine.org/using-ai-mathematicians-find-hidden-glitches-in-fluid-equations-20260109/
knowledge,CONCEPT,use,knowledge,CONCEPT,https://www.quantamagazine.org/using-ai-mathematicians-find-hidden-glitches-in-fluid-equations-20260109/
That,CONCEPT,’,approach,CONCEPT,https://www.quantamagazine.org/using-ai-mathematicians-find-hidden-glitches-in-fluid-equations-20260109/
that,CONCEPT,take,that,CONCEPT,https://www.quantamagazine.org/using-ai-mathematicians-find-hidden-glitches-in-fluid-equations-20260109/
Hou,PERSON,take,that,CONCEPT,https://www.quantamagazine.org/using-ai-mathematicians-find-hidden-glitches-in-fluid-equations-20260109/
they,CONCEPT,simulate,liquid,CONCEPT,https://www.quantamagazine.org/using-ai-mathematicians-find-hidden-glitches-in-fluid-equations-20260109/
liquid,CONCEPT,simulate,liquid,CONCEPT,https://www.quantamagazine.org/using-ai-mathematicians-find-hidden-glitches-in-fluid-equations-20260109/
They,CONCEPT,set,half,CARDINAL,https://www.quantamagazine.org/using-ai-mathematicians-find-hidden-glitches-in-fluid-equations-20260109/
half,CARDINAL,set,half,CARDINAL,https://www.quantamagazine.org/using-ai-mathematicians-find-hidden-glitches-in-fluid-equations-20260109/
scenario,CONCEPT,evolve,scenario,CONCEPT,https://www.quantamagazine.org/using-ai-mathematicians-find-hidden-glitches-in-fluid-equations-20260109/
equations,CONCEPT,use,equations,CONCEPT,https://www.quantamagazine.org/using-ai-mathematicians-find-hidden-glitches-in-fluid-equations-20260109/
It,CONCEPT,take,Hou,PERSON,https://www.quantamagazine.org/using-ai-mathematicians-find-hidden-glitches-in-fluid-equations-20260109/
Hou,PERSON,take,Hou,PERSON,https://www.quantamagazine.org/using-ai-mathematicians-find-hidden-glitches-in-fluid-equations-20260109/
decade,DATE,take,Hou,PERSON,https://www.quantamagazine.org/using-ai-mathematicians-find-hidden-glitches-in-fluid-equations-20260109/
alleged,CONCEPT,remove,alleged,CONCEPT,https://www.quantamagazine.org/using-ai-mathematicians-find-hidden-glitches-in-fluid-equations-20260109/
they,CONCEPT,use,computer,CONCEPT,https://www.quantamagazine.org/using-ai-mathematicians-find-hidden-glitches-in-fluid-equations-20260109/
computer,CONCEPT,use,computer,CONCEPT,https://www.quantamagazine.org/using-ai-mathematicians-find-hidden-glitches-in-fluid-equations-20260109/
candidate,CONCEPT,imply,existence,CONCEPT,https://www.quantamagazine.org/using-ai-mathematicians-find-hidden-glitches-in-fluid-equations-20260109/
existence,CONCEPT,imply,existence,CONCEPT,https://www.quantamagazine.org/using-ai-mathematicians-find-hidden-glitches-in-fluid-equations-20260109/
frontier,CONCEPT,push,frontier,CONCEPT,https://www.quantamagazine.org/using-ai-mathematicians-find-hidden-glitches-in-fluid-equations-20260109/
adjustments,CONCEPT,affect,fate,CONCEPT,https://www.quantamagazine.org/using-ai-mathematicians-find-hidden-glitches-in-fluid-equations-20260109/
fate,CONCEPT,affect,fate,CONCEPT,https://www.quantamagazine.org/using-ai-mathematicians-find-hidden-glitches-in-fluid-equations-20260109/
adjustment,CONCEPT,prevent,fluid,CONCEPT,https://www.quantamagazine.org/using-ai-mathematicians-find-hidden-glitches-in-fluid-equations-20260109/
fluid,CONCEPT,prevent,fluid,CONCEPT,https://www.quantamagazine.org/using-ai-mathematicians-find-hidden-glitches-in-fluid-equations-20260109/
Finite,CONCEPT,go,Finite,CONCEPT,https://www.quantamagazine.org/using-ai-mathematicians-find-hidden-glitches-in-fluid-equations-20260109/
candidate,CONCEPT,track,candidate,CONCEPT,https://www.quantamagazine.org/using-ai-mathematicians-find-hidden-glitches-in-fluid-equations-20260109/
you,CONCEPT,need,stroke,CONCEPT,https://www.quantamagazine.org/using-ai-mathematicians-find-hidden-glitches-in-fluid-equations-20260109/
stroke,CONCEPT,need,stroke,CONCEPT,https://www.quantamagazine.org/using-ai-mathematicians-find-hidden-glitches-in-fluid-equations-20260109/
pen,CONCEPT,balance,pen,CONCEPT,https://www.quantamagazine.org/using-ai-mathematicians-find-hidden-glitches-in-fluid-equations-20260109/
it,CONCEPT,keep,it,CONCEPT,https://www.quantamagazine.org/using-ai-mathematicians-find-hidden-glitches-in-fluid-equations-20260109/
fluid,CONCEPT,evolve,fluid,CONCEPT,https://www.quantamagazine.org/using-ai-mathematicians-find-hidden-glitches-in-fluid-equations-20260109/
deviation,CONCEPT,tip,it,CONCEPT,https://www.quantamagazine.org/using-ai-mathematicians-find-hidden-glitches-in-fluid-equations-20260109/
it,CONCEPT,tip,it,CONCEPT,https://www.quantamagazine.org/using-ai-mathematicians-find-hidden-glitches-in-fluid-equations-20260109/
They,CONCEPT,introduce,errors,CONCEPT,https://www.quantamagazine.org/using-ai-mathematicians-find-hidden-glitches-in-fluid-equations-20260109/
errors,CONCEPT,introduce,errors,CONCEPT,https://www.quantamagazine.org/using-ai-mathematicians-find-hidden-glitches-in-fluid-equations-20260109/
that,CONCEPT,stop,singularity,CONCEPT,https://www.quantamagazine.org/using-ai-mathematicians-find-hidden-glitches-in-fluid-equations-20260109/
singularity,CONCEPT,stop,singularity,CONCEPT,https://www.quantamagazine.org/using-ai-mathematicians-find-hidden-glitches-in-fluid-equations-20260109/
way,CONCEPT,work,way,CONCEPT,https://www.quantamagazine.org/using-ai-mathematicians-find-hidden-glitches-in-fluid-equations-20260109/
ones,CONCEPT,find,ones,CONCEPT,https://www.quantamagazine.org/using-ai-mathematicians-find-hidden-glitches-in-fluid-equations-20260109/
they,CONCEPT,use,network,CONCEPT,https://www.quantamagazine.org/using-ai-mathematicians-find-hidden-glitches-in-fluid-equations-20260109/
network,CONCEPT,use,network,CONCEPT,https://www.quantamagazine.org/using-ai-mathematicians-find-hidden-glitches-in-fluid-equations-20260109/
function,CONCEPT,perform,task,CONCEPT,https://www.quantamagazine.org/using-ai-mathematicians-find-hidden-glitches-in-fluid-equations-20260109/
task,CONCEPT,perform,task,CONCEPT,https://www.quantamagazine.org/using-ai-mathematicians-find-hidden-glitches-in-fluid-equations-20260109/
you,CONCEPT,calibrate,network,CONCEPT,https://www.quantamagazine.org/using-ai-mathematicians-find-hidden-glitches-in-fluid-equations-20260109/
network,CONCEPT,calibrate,network,CONCEPT,https://www.quantamagazine.org/using-ai-mathematicians-find-hidden-glitches-in-fluid-equations-20260109/
thousands,CARDINAL,use,thousands,CARDINAL,https://www.quantamagazine.org/using-ai-mathematicians-find-hidden-glitches-in-fluid-equations-20260109/
images,CONCEPT,take,images,CONCEPT,https://www.quantamagazine.org/using-ai-mathematicians-find-hidden-glitches-in-fluid-equations-20260109/
them,CONCEPT,label,them,CONCEPT,https://www.quantamagazine.org/using-ai-mathematicians-find-hidden-glitches-in-fluid-equations-20260109/
data,CONCEPT,study,data,CONCEPT,https://www.quantamagazine.org/using-ai-mathematicians-find-hidden-glitches-in-fluid-equations-20260109/
it,CONCEPT,take,equation,CONCEPT,https://www.quantamagazine.org/using-ai-mathematicians-find-hidden-glitches-in-fluid-equations-20260109/
equation,CONCEPT,take,equation,CONCEPT,https://www.quantamagazine.org/using-ai-mathematicians-find-hidden-glitches-in-fluid-equations-20260109/
itself,CONCEPT,adjust,itself,CONCEPT,https://www.quantamagazine.org/using-ai-mathematicians-find-hidden-glitches-in-fluid-equations-20260109/
it,CONCEPT,represent,function,CONCEPT,https://www.quantamagazine.org/using-ai-mathematicians-find-hidden-glitches-in-fluid-equations-20260109/
function,CONCEPT,represent,function,CONCEPT,https://www.quantamagazine.org/using-ai-mathematicians-find-hidden-glitches-in-fluid-equations-20260109/
that,CONCEPT,solve,equation,CONCEPT,https://www.quantamagazine.org/using-ai-mathematicians-find-hidden-glitches-in-fluid-equations-20260109/
equation,CONCEPT,solve,equation,CONCEPT,https://www.quantamagazine.org/using-ai-mathematicians-find-hidden-glitches-in-fluid-equations-20260109/
It,CONCEPT,take,equations,CONCEPT,https://www.quantamagazine.org/using-ai-mathematicians-find-hidden-glitches-in-fluid-equations-20260109/
equations,CONCEPT,take,equations,CONCEPT,https://www.quantamagazine.org/using-ai-mathematicians-find-hidden-glitches-in-fluid-equations-20260109/
itself,CONCEPT,train,itself,CONCEPT,https://www.quantamagazine.org/using-ai-mathematicians-find-hidden-glitches-in-fluid-equations-20260109/
that,CONCEPT,capture,history,CONCEPT,https://www.quantamagazine.org/using-ai-mathematicians-find-hidden-glitches-in-fluid-equations-20260109/
history,CONCEPT,capture,history,CONCEPT,https://www.quantamagazine.org/using-ai-mathematicians-find-hidden-glitches-in-fluid-equations-20260109/
that,CONCEPT,contain,singularity,CONCEPT,https://www.quantamagazine.org/using-ai-mathematicians-find-hidden-glitches-in-fluid-equations-20260109/
singularity,CONCEPT,contain,singularity,CONCEPT,https://www.quantamagazine.org/using-ai-mathematicians-find-hidden-glitches-in-fluid-equations-20260109/
technique,CONCEPT,render,nature,CONCEPT,https://www.quantamagazine.org/using-ai-mathematicians-find-hidden-glitches-in-fluid-equations-20260109/
nature,CONCEPT,render,nature,CONCEPT,https://www.quantamagazine.org/using-ai-mathematicians-find-hidden-glitches-in-fluid-equations-20260109/
simulation,CONCEPT,play,simulation,CONCEPT,https://www.quantamagazine.org/using-ai-mathematicians-find-hidden-glitches-in-fluid-equations-20260109/
You,CONCEPT,represent,quantity,CONCEPT,https://www.quantamagazine.org/using-ai-mathematicians-find-hidden-glitches-in-fluid-equations-20260109/
quantity,CONCEPT,represent,quantity,CONCEPT,https://www.quantamagazine.org/using-ai-mathematicians-find-hidden-glitches-in-fluid-equations-20260109/
you,CONCEPT,see,change,CONCEPT,https://www.quantamagazine.org/using-ai-mathematicians-find-hidden-glitches-in-fluid-equations-20260109/
change,CONCEPT,see,change,CONCEPT,https://www.quantamagazine.org/using-ai-mathematicians-find-hidden-glitches-in-fluid-equations-20260109/
fluid,CONCEPT,approach,singularity,CONCEPT,https://www.quantamagazine.org/using-ai-mathematicians-find-hidden-glitches-in-fluid-equations-20260109/
singularity,CONCEPT,approach,singularity,CONCEPT,https://www.quantamagazine.org/using-ai-mathematicians-find-hidden-glitches-in-fluid-equations-20260109/
simulation,CONCEPT,reach,destination,CONCEPT,https://www.quantamagazine.org/using-ai-mathematicians-find-hidden-glitches-in-fluid-equations-20260109/
destination,CONCEPT,reach,destination,CONCEPT,https://www.quantamagazine.org/using-ai-mathematicians-find-hidden-glitches-in-fluid-equations-20260109/
program,CONCEPT,crash,program,CONCEPT,https://www.quantamagazine.org/using-ai-mathematicians-find-hidden-glitches-in-fluid-equations-20260109/
inconvenience,CONCEPT,sidestep,inconvenience,CONCEPT,https://www.quantamagazine.org/using-ai-mathematicians-find-hidden-glitches-in-fluid-equations-20260109/
mathematicians,CONCEPT,focus,search,CONCEPT,https://www.quantamagazine.org/using-ai-mathematicians-find-hidden-glitches-in-fluid-equations-20260109/
search,CONCEPT,focus,search,CONCEPT,https://www.quantamagazine.org/using-ai-mathematicians-find-hidden-glitches-in-fluid-equations-20260109/
curve,CONCEPT,stretch,curve,CONCEPT,https://www.quantamagazine.org/using-ai-mathematicians-find-hidden-glitches-in-fluid-equations-20260109/
curve,CONCEPT,match,curve,CONCEPT,https://www.quantamagazine.org/using-ai-mathematicians-find-hidden-glitches-in-fluid-equations-20260109/
singularity,CONCEPT,catch,singularity,CONCEPT,https://www.quantamagazine.org/using-ai-mathematicians-find-hidden-glitches-in-fluid-equations-20260109/
that,CONCEPT,neutralize,steepening,CONCEPT,https://www.quantamagazine.org/using-ai-mathematicians-find-hidden-glitches-in-fluid-equations-20260109/
steepening,CONCEPT,neutralize,steepening,CONCEPT,https://www.quantamagazine.org/using-ai-mathematicians-find-hidden-glitches-in-fluid-equations-20260109/
that,CONCEPT,handle,that,CONCEPT,https://www.quantamagazine.org/using-ai-mathematicians-find-hidden-glitches-in-fluid-equations-20260109/
computer,CONCEPT,handle,that,CONCEPT,https://www.quantamagazine.org/using-ai-mathematicians-find-hidden-glitches-in-fluid-equations-20260109/
solutions,CONCEPT,find,solutions,CONCEPT,https://www.quantamagazine.org/using-ai-mathematicians-find-hidden-glitches-in-fluid-equations-20260109/
networks,CONCEPT,determine,rate,CONCEPT,https://www.quantamagazine.org/using-ai-mathematicians-find-hidden-glitches-in-fluid-equations-20260109/
rate,CONCEPT,determine,rate,CONCEPT,https://www.quantamagazine.org/using-ai-mathematicians-find-hidden-glitches-in-fluid-equations-20260109/
PINN,CONCEPT,turn,candidates,CONCEPT,https://www.quantamagazine.org/using-ai-mathematicians-find-hidden-glitches-in-fluid-equations-20260109/
candidates,CONCEPT,turn,candidates,CONCEPT,https://www.quantamagazine.org/using-ai-mathematicians-find-hidden-glitches-in-fluid-equations-20260109/
Buckmaster,PERSON,use,PINN,CONCEPT,https://www.quantamagazine.org/using-ai-mathematicians-find-hidden-glitches-in-fluid-equations-20260109/
PINN,CONCEPT,use,PINN,CONCEPT,https://www.quantamagazine.org/using-ai-mathematicians-find-hidden-glitches-in-fluid-equations-20260109/
that,CONCEPT,find,that,CONCEPT,https://www.quantamagazine.org/using-ai-mathematicians-find-hidden-glitches-in-fluid-equations-20260109/
Hou,PERSON,find,that,CONCEPT,https://www.quantamagazine.org/using-ai-mathematicians-find-hidden-glitches-in-fluid-equations-20260109/
Hou,PERSON,prove,existence,CONCEPT,https://www.quantamagazine.org/using-ai-mathematicians-find-hidden-glitches-in-fluid-equations-20260109/
existence,CONCEPT,prove,existence,CONCEPT,https://www.quantamagazine.org/using-ai-mathematicians-find-hidden-glitches-in-fluid-equations-20260109/
They,CONCEPT,rediscover,candidate,CONCEPT,https://www.quantamagazine.org/using-ai-mathematicians-find-hidden-glitches-in-fluid-equations-20260109/
candidate,CONCEPT,rediscover,candidate,CONCEPT,https://www.quantamagazine.org/using-ai-mathematicians-find-hidden-glitches-in-fluid-equations-20260109/
which,CONCEPT,describe,fluid,CONCEPT,https://www.quantamagazine.org/using-ai-mathematicians-find-hidden-glitches-in-fluid-equations-20260109/
fluid,CONCEPT,describe,fluid,CONCEPT,https://www.quantamagazine.org/using-ai-mathematicians-find-hidden-glitches-in-fluid-equations-20260109/
PINN,CONCEPT,find,solution,CONCEPT,https://www.quantamagazine.org/using-ai-mathematicians-find-hidden-glitches-in-fluid-equations-20260109/
solution,CONCEPT,find,solution,CONCEPT,https://www.quantamagazine.org/using-ai-mathematicians-find-hidden-glitches-in-fluid-equations-20260109/
fluid,CONCEPT,step,fluid,CONCEPT,https://www.quantamagazine.org/using-ai-mathematicians-find-hidden-glitches-in-fluid-equations-20260109/
equation,CONCEPT,solve,equation,CONCEPT,https://www.quantamagazine.org/using-ai-mathematicians-find-hidden-glitches-in-fluid-equations-20260109/
PINN,CONCEPT,use,PINN,CONCEPT,https://www.quantamagazine.org/using-ai-mathematicians-find-hidden-glitches-in-fluid-equations-20260109/
candidates,CONCEPT,find,candidates,CONCEPT,https://www.quantamagazine.org/using-ai-mathematicians-find-hidden-glitches-in-fluid-equations-20260109/
years,DATE,spend,years,DATE,https://www.quantamagazine.org/using-ai-mathematicians-find-hidden-glitches-in-fluid-equations-20260109/
approach,CONCEPT,tune,approach,CONCEPT,https://www.quantamagazine.org/using-ai-mathematicians-find-hidden-glitches-in-fluid-equations-20260109/
Wang,PERSON,lead,team,CONCEPT,https://www.quantamagazine.org/using-ai-mathematicians-find-hidden-glitches-in-fluid-equations-20260109/
team,CONCEPT,lead,team,CONCEPT,https://www.quantamagazine.org/using-ai-mathematicians-find-hidden-glitches-in-fluid-equations-20260109/
equations,CONCEPT,fit,equations,CONCEPT,https://www.quantamagazine.org/using-ai-mathematicians-find-hidden-glitches-in-fluid-equations-20260109/
researchers,CONCEPT,tune,structure,CONCEPT,https://www.quantamagazine.org/using-ai-mathematicians-find-hidden-glitches-in-fluid-equations-20260109/
structure,CONCEPT,tune,structure,CONCEPT,https://www.quantamagazine.org/using-ai-mathematicians-find-hidden-glitches-in-fluid-equations-20260109/
them,CONCEPT,guide,them,CONCEPT,https://www.quantamagazine.org/using-ai-mathematicians-find-hidden-glitches-in-fluid-equations-20260109/
candidates,CONCEPT,spot,candidates,CONCEPT,https://www.quantamagazine.org/using-ai-mathematicians-find-hidden-glitches-in-fluid-equations-20260109/
collaboration,CONCEPT,unveil,host,CONCEPT,https://www.quantamagazine.org/using-ai-mathematicians-find-hidden-glitches-in-fluid-equations-20260109/
host,CONCEPT,unveil,host,CONCEPT,https://www.quantamagazine.org/using-ai-mathematicians-find-hidden-glitches-in-fluid-equations-20260109/
fluid,CONCEPT,revisit,fluid,CONCEPT,https://www.quantamagazine.org/using-ai-mathematicians-find-hidden-glitches-in-fluid-equations-20260109/
they,CONCEPT,describe,collection,CONCEPT,https://www.quantamagazine.org/using-ai-mathematicians-find-hidden-glitches-in-fluid-equations-20260109/
collection,CONCEPT,describe,collection,CONCEPT,https://www.quantamagazine.org/using-ai-mathematicians-find-hidden-glitches-in-fluid-equations-20260109/
one,CONCEPT,find,candidates,CONCEPT,https://www.quantamagazine.org/using-ai-mathematicians-find-hidden-glitches-in-fluid-equations-20260109/
candidates,CONCEPT,find,candidates,CONCEPT,https://www.quantamagazine.org/using-ai-mathematicians-find-hidden-glitches-in-fluid-equations-20260109/
They,CONCEPT,find,four,CARDINAL,https://www.quantamagazine.org/using-ai-mathematicians-find-hidden-glitches-in-fluid-equations-20260109/
four,CARDINAL,find,four,CARDINAL,https://www.quantamagazine.org/using-ai-mathematicians-find-hidden-glitches-in-fluid-equations-20260109/
All,CONCEPT,involve,setup,CONCEPT,https://www.quantamagazine.org/using-ai-mathematicians-find-hidden-glitches-in-fluid-equations-20260109/
setup,CONCEPT,involve,setup,CONCEPT,https://www.quantamagazine.org/using-ai-mathematicians-find-hidden-glitches-in-fluid-equations-20260109/
fluid,CONCEPT,adjust,fluid,CONCEPT,https://www.quantamagazine.org/using-ai-mathematicians-find-hidden-glitches-in-fluid-equations-20260109/
farm,CONCEPT,imagine,farm,CONCEPT,https://www.quantamagazine.org/using-ai-mathematicians-find-hidden-glitches-in-fluid-equations-20260109/
blob,CONCEPT,add,blob,CONCEPT,https://www.quantamagazine.org/using-ai-mathematicians-find-hidden-glitches-in-fluid-equations-20260109/
some,CONCEPT,wet,some,CONCEPT,https://www.quantamagazine.org/using-ai-mathematicians-find-hidden-glitches-in-fluid-equations-20260109/
gravity,CONCEPT,pull,water,CONCEPT,https://www.quantamagazine.org/using-ai-mathematicians-find-hidden-glitches-in-fluid-equations-20260109/
water,CONCEPT,pull,water,CONCEPT,https://www.quantamagazine.org/using-ai-mathematicians-find-hidden-glitches-in-fluid-equations-20260109/
singularity,CONCEPT,find,singularity,CONCEPT,https://www.quantamagazine.org/using-ai-mathematicians-find-hidden-glitches-in-fluid-equations-20260109/
model,CONCEPT,visualize,model,CONCEPT,https://www.quantamagazine.org/using-ai-mathematicians-find-hidden-glitches-in-fluid-equations-20260109/
puddle,CONCEPT,imagine,puddle,CONCEPT,https://www.quantamagazine.org/using-ai-mathematicians-find-hidden-glitches-in-fluid-equations-20260109/
equations,CONCEPT,describe,interface,CONCEPT,https://www.quantamagazine.org/using-ai-mathematicians-find-hidden-glitches-in-fluid-equations-20260109/
interface,CONCEPT,describe,interface,CONCEPT,https://www.quantamagazine.org/using-ai-mathematicians-find-hidden-glitches-in-fluid-equations-20260109/
you,CONCEPT,put,kink,CONCEPT,https://www.quantamagazine.org/using-ai-mathematicians-find-hidden-glitches-in-fluid-equations-20260109/
kink,CONCEPT,put,kink,CONCEPT,https://www.quantamagazine.org/using-ai-mathematicians-find-hidden-glitches-in-fluid-equations-20260109/
equations,CONCEPT,describe,fluids,CONCEPT,https://www.quantamagazine.org/using-ai-mathematicians-find-hidden-glitches-in-fluid-equations-20260109/
fluids,CONCEPT,describe,fluids,CONCEPT,https://www.quantamagazine.org/using-ai-mathematicians-find-hidden-glitches-in-fluid-equations-20260109/
that,CONCEPT,have,property,CONCEPT,https://www.quantamagazine.org/using-ai-mathematicians-find-hidden-glitches-in-fluid-equations-20260109/
property,CONCEPT,have,property,CONCEPT,https://www.quantamagazine.org/using-ai-mathematicians-find-hidden-glitches-in-fluid-equations-20260109/
method,CONCEPT,handle,aspect,CONCEPT,https://www.quantamagazine.org/using-ai-mathematicians-find-hidden-glitches-in-fluid-equations-20260109/
aspect,CONCEPT,handle,aspect,CONCEPT,https://www.quantamagazine.org/using-ai-mathematicians-find-hidden-glitches-in-fluid-equations-20260109/
difficulties,CONCEPT,isolate,difficulties,CONCEPT,https://www.quantamagazine.org/using-ai-mathematicians-find-hidden-glitches-in-fluid-equations-20260109/
it,CONCEPT,’,singularity,CONCEPT,https://www.quantamagazine.org/using-ai-mathematicians-find-hidden-glitches-in-fluid-equations-20260109/
group,CONCEPT,unleash,PINN,CONCEPT,https://www.quantamagazine.org/using-ai-mathematicians-find-hidden-glitches-in-fluid-equations-20260109/
PINN,CONCEPT,unleash,PINN,CONCEPT,https://www.quantamagazine.org/using-ai-mathematicians-find-hidden-glitches-in-fluid-equations-20260109/
Boundary,WORK_OF_ART,escape,Boundary,WORK_OF_ART,https://www.quantamagazine.org/using-ai-mathematicians-find-hidden-glitches-in-fluid-equations-20260109/
collaboration,CONCEPT,use,machinery,CONCEPT,https://www.quantamagazine.org/using-ai-mathematicians-find-hidden-glitches-in-fluid-equations-20260109/
machinery,CONCEPT,use,machinery,CONCEPT,https://www.quantamagazine.org/using-ai-mathematicians-find-hidden-glitches-in-fluid-equations-20260109/
singularity,CONCEPT,find,singularity,CONCEPT,https://www.quantamagazine.org/using-ai-mathematicians-find-hidden-glitches-in-fluid-equations-20260109/
techniques,CONCEPT,upgrade,techniques,CONCEPT,https://www.quantamagazine.org/using-ai-mathematicians-find-hidden-glitches-in-fluid-equations-20260109/
You,CONCEPT,build,tool,CONCEPT,https://www.quantamagazine.org/using-ai-mathematicians-find-hidden-glitches-in-fluid-equations-20260109/
tool,CONCEPT,build,tool,CONCEPT,https://www.quantamagazine.org/using-ai-mathematicians-find-hidden-glitches-in-fluid-equations-20260109/
things,CONCEPT,find,things,CONCEPT,https://www.quantamagazine.org/using-ai-mathematicians-find-hidden-glitches-in-fluid-equations-20260109/
performance,CONCEPT,guarantee,returns,CONCEPT,https://www.quantamagazine.org/using-ai-mathematicians-find-hidden-glitches-in-fluid-equations-20260109/
returns,CONCEPT,guarantee,returns,CONCEPT,https://www.quantamagazine.org/using-ai-mathematicians-find-hidden-glitches-in-fluid-equations-20260109/
It,CONCEPT,’,animal,CONCEPT,https://www.quantamagazine.org/using-ai-mathematicians-find-hidden-glitches-in-fluid-equations-20260109/
Córdoba,PERSON,use,techniques,CONCEPT,https://www.quantamagazine.org/using-ai-mathematicians-find-hidden-glitches-in-fluid-equations-20260109/
techniques,CONCEPT,use,techniques,CONCEPT,https://www.quantamagazine.org/using-ai-mathematicians-find-hidden-glitches-in-fluid-equations-20260109/
singularities,CONCEPT,discover,singularities,CONCEPT,https://www.quantamagazine.org/using-ai-mathematicians-find-hidden-glitches-in-fluid-equations-20260109/
them,CONCEPT,beat,them,CONCEPT,https://www.quantamagazine.org/using-ai-mathematicians-find-hidden-glitches-in-fluid-equations-20260109/
problem,CONCEPT,crack,problem,CONCEPT,https://www.quantamagazine.org/using-ai-mathematicians-find-hidden-glitches-in-fluid-equations-20260109/
competitor,CONCEPT,have,success,CONCEPT,https://www.quantamagazine.org/using-ai-mathematicians-find-hidden-glitches-in-fluid-equations-20260109/
success,CONCEPT,have,success,CONCEPT,https://www.quantamagazine.org/using-ai-mathematicians-find-hidden-glitches-in-fluid-equations-20260109/
reach,CONCEPT,extend,reach,CONCEPT,https://www.quantamagazine.org/using-ai-mathematicians-find-hidden-glitches-in-fluid-equations-20260109/
technique,CONCEPT,reach,line,CONCEPT,https://www.quantamagazine.org/using-ai-mathematicians-find-hidden-glitches-in-fluid-equations-20260109/
line,CONCEPT,reach,line,CONCEPT,https://www.quantamagazine.org/using-ai-mathematicians-find-hidden-glitches-in-fluid-equations-20260109/
it,CONCEPT,do,it,CONCEPT,https://www.quantamagazine.org/using-ai-mathematicians-find-hidden-glitches-in-fluid-equations-20260109/
it,CONCEPT,do,it,CONCEPT,https://www.quantamagazine.org/using-ai-mathematicians-find-hidden-glitches-in-fluid-equations-20260109/
glitches,CONCEPT,find,glitches,CONCEPT,https://www.quantamagazine.org/using-ai-mathematicians-find-hidden-glitches-in-fluid-equations-20260109/
hopes,CONCEPT,raise,hopes,CONCEPT,https://www.quantamagazine.org/using-ai-mathematicians-find-hidden-glitches-in-fluid-equations-20260109/
You,CONCEPT,have,ideas,CONCEPT,https://www.quantamagazine.org/using-ai-mathematicians-find-hidden-glitches-in-fluid-equations-20260109/
ideas,CONCEPT,have,ideas,CONCEPT,https://www.quantamagazine.org/using-ai-mathematicians-find-hidden-glitches-in-fluid-equations-20260109/
contribution,CONCEPT,reflect,contribution,CONCEPT,https://www.quantamagazine.org/using-ai-mathematicians-find-hidden-glitches-in-fluid-equations-20260109/
candidates,CONCEPT,find,candidates,CONCEPT,https://www.quantamagazine.org/using-ai-mathematicians-find-hidden-glitches-in-fluid-equations-20260109/
intelligence,CONCEPT,usher,era,CONCEPT,https://www.newyorker.com/tag/artificial-intelligence
era,CONCEPT,usher,era,CONCEPT,https://www.newyorker.com/tag/artificial-intelligence
that,CONCEPT,own,technology,CONCEPT,https://www.newyorker.com/tag/artificial-intelligence
technology,CONCEPT,own,technology,CONCEPT,https://www.newyorker.com/tag/artificial-intelligence
We,CONCEPT,approach,A.I.,CONCEPT,https://www.newyorker.com/tag/artificial-intelligence
A.I.,CONCEPT,approach,A.I.,CONCEPT,https://www.newyorker.com/tag/artificial-intelligence
normalization,CONCEPT,force,reckoning,CONCEPT,https://www.newyorker.com/tag/artificial-intelligence
reckoning,CONCEPT,force,reckoning,CONCEPT,https://www.newyorker.com/tag/artificial-intelligence
content,CONCEPT,pass,kind,CONCEPT,https://www.newyorker.com/tag/artificial-intelligence
kind,CONCEPT,pass,kind,CONCEPT,https://www.newyorker.com/tag/artificial-intelligence
us,CONCEPT,fool,us,CONCEPT,https://www.newyorker.com/tag/artificial-intelligence
1929,DATE,teach,Us,CONCEPT,https://www.newyorker.com/tag/artificial-intelligence
Us,CONCEPT,teach,Us,CONCEPT,https://www.newyorker.com/tag/artificial-intelligence
journalist,CONCEPT,discuss,book,CONCEPT,https://www.newyorker.com/tag/artificial-intelligence
book,CONCEPT,discuss,book,CONCEPT,https://www.newyorker.com/tag/artificial-intelligence
A.I.,CONCEPT,manage,E,CONCEPT,https://www.newyorker.com/tag/artificial-intelligence
E,CONCEPT,manage,E,CONCEPT,https://www.newyorker.com/tag/artificial-intelligence
-,CONCEPT,manage,E,CONCEPT,https://www.newyorker.com/tag/artificial-intelligence
Mails,CONCEPT,manage,E,CONCEPT,https://www.newyorker.com/tag/artificial-intelligence
Chatbots,CONCEPT,pass,test,CONCEPT,https://www.newyorker.com/tag/artificial-intelligence
test,CONCEPT,pass,test,CONCEPT,https://www.newyorker.com/tag/artificial-intelligence
they,CONCEPT,handle,inbox,CONCEPT,https://www.newyorker.com/tag/artificial-intelligence
inbox,CONCEPT,handle,inbox,CONCEPT,https://www.newyorker.com/tag/artificial-intelligence
Critics,CONCEPT,get,Critics,CONCEPT,https://www.newyorker.com/tag/artificial-intelligence
tools,CONCEPT,get,Critics,CONCEPT,https://www.newyorker.com/tag/artificial-intelligence
images,CONCEPT,produce,images,CONCEPT,https://www.newyorker.com/tag/artificial-intelligence
they,CONCEPT,make,art,CONCEPT,https://www.newyorker.com/tag/artificial-intelligence
art,CONCEPT,make,art,CONCEPT,https://www.newyorker.com/tag/artificial-intelligence
control,CONCEPT,assert,control,CONCEPT,https://www.newyorker.com/tag/artificial-intelligence
Musk,PERSON,power,Supercomputer,CONCEPT,https://www.newyorker.com/tag/artificial-intelligence
Supercomputer,CONCEPT,power,Supercomputer,CONCEPT,https://www.newyorker.com/tag/artificial-intelligence
You,CONCEPT,have,A.I.,CONCEPT,https://www.newyorker.com/tag/artificial-intelligence
A.I.,CONCEPT,have,A.I.,CONCEPT,https://www.newyorker.com/tag/artificial-intelligence
Questions,CONCEPT,save,News,CONCEPT,https://www.newyorker.com/tag/artificial-intelligence
A.I.,CONCEPT,save,News,CONCEPT,https://www.newyorker.com/tag/artificial-intelligence
News,CONCEPT,save,News,CONCEPT,https://www.newyorker.com/tag/artificial-intelligence
intelligence,CONCEPT,hollow,business,CONCEPT,https://www.newyorker.com/tag/artificial-intelligence
business,CONCEPT,hollow,business,CONCEPT,https://www.newyorker.com/tag/artificial-intelligence
it,CONCEPT,have,power,CONCEPT,https://www.newyorker.com/tag/artificial-intelligence
power,CONCEPT,have,power,CONCEPT,https://www.newyorker.com/tag/artificial-intelligence
journalism,CONCEPT,enhance,journalism,CONCEPT,https://www.newyorker.com/tag/artificial-intelligence
model,CONCEPT,shock,Valley,LOC,https://www.newyorker.com/tag/artificial-intelligence
Valley,LOC,shock,Valley,LOC,https://www.newyorker.com/tag/artificial-intelligence
What,CONCEPT,mean,What,CONCEPT,https://www.newyorker.com/tag/artificial-intelligence
It,CONCEPT,mean,What,CONCEPT,https://www.newyorker.com/tag/artificial-intelligence
it,CONCEPT,’,educability,CONCEPT,https://www.newyorker.com/tag/artificial-intelligence
transformer,CONCEPT,invent,transformer,CONCEPT,https://www.newyorker.com/tag/artificial-intelligence
history,CONCEPT,steer,history,CONCEPT,https://www.newyorker.com/tag/artificial-intelligence
Podcast,WORK_OF_ART,know,Podcast,WORK_OF_ART,https://www.newyorker.com/tag/artificial-intelligence
What,CONCEPT,know,Podcast,WORK_OF_ART,https://www.newyorker.com/tag/artificial-intelligence
We,CONCEPT,know,Podcast,WORK_OF_ART,https://www.newyorker.com/tag/artificial-intelligence
field,CONCEPT,examine,change,CONCEPT,https://www.newyorker.com/tag/artificial-intelligence
change,CONCEPT,examine,change,CONCEPT,https://www.newyorker.com/tag/artificial-intelligence
product,CONCEPT,have,resemblance,CONCEPT,https://www.newyorker.com/tag/artificial-intelligence
resemblance,CONCEPT,have,resemblance,CONCEPT,https://www.newyorker.com/tag/artificial-intelligence
company,CONCEPT,make,misstep,CONCEPT,https://www.newyorker.com/tag/artificial-intelligence
misstep,CONCEPT,make,misstep,CONCEPT,https://www.newyorker.com/tag/artificial-intelligence
it,CONCEPT,portend,crisis,CONCEPT,https://www.newyorker.com/tag/artificial-intelligence
crisis,CONCEPT,portend,crisis,CONCEPT,https://www.newyorker.com/tag/artificial-intelligence
sector,CONCEPT,have,pains,CONCEPT,https://www.abc.net.au/news/topic/artificial-intelligence
pains,CONCEPT,have,pains,CONCEPT,https://www.abc.net.au/news/topic/artificial-intelligence
you,CONCEPT,believe,eyes,CONCEPT,https://www.abc.net.au/news/topic/artificial-intelligence
eyes,CONCEPT,believe,eyes,CONCEPT,https://www.abc.net.au/news/topic/artificial-intelligence
revolution,CONCEPT,take,shape,CONCEPT,https://www.abc.net.au/news/topic/artificial-intelligence
shape,CONCEPT,take,shape,CONCEPT,https://www.abc.net.au/news/topic/artificial-intelligence
one,CARDINAL,build,one,CARDINAL,https://www.abc.net.au/news/topic/artificial-intelligence
complex,CONCEPT,run,complex,CONCEPT,https://www.abc.net.au/news/topic/artificial-intelligence
AI,CONCEPT,detect,risk,CONCEPT,https://www.abc.net.au/news/topic/artificial-intelligence
risk,CONCEPT,detect,risk,CONCEPT,https://www.abc.net.au/news/topic/artificial-intelligence
tool,CONCEPT,transform,screening,CONCEPT,https://www.abc.net.au/news/topic/artificial-intelligence
screening,CONCEPT,transform,screening,CONCEPT,https://www.abc.net.au/news/topic/artificial-intelligence
way,CONCEPT,offer,way,CONCEPT,https://www.abc.net.au/news/topic/artificial-intelligence
risk,CONCEPT,identify,risk,CONCEPT,https://www.abc.net.au/news/topic/artificial-intelligence
Rowlands,PERSON,lose,commissions,CONCEPT,https://www.abc.net.au/news/topic/artificial-intelligence
commissions,CONCEPT,lose,commissions,CONCEPT,https://www.abc.net.au/news/topic/artificial-intelligence
Grandad,PERSON,fight,fines,CONCEPT,https://www.abc.net.au/news/topic/artificial-intelligence
fines,CONCEPT,fight,fines,CONCEPT,https://www.abc.net.au/news/topic/artificial-intelligence
hundreds,MONEY,pay,hundreds,MONEY,https://www.abc.net.au/news/topic/artificial-intelligence
seatbelts,CONCEPT,wear,seatbelts,CONCEPT,https://www.abc.net.au/news/topic/artificial-intelligence
ads,CONCEPT,insert,ads,CONCEPT,https://www.abc.net.au/news/topic/artificial-intelligence
that,CONCEPT,understand,that,CONCEPT,https://www.abc.net.au/news/topic/artificial-intelligence
people,CONCEPT,understand,that,CONCEPT,https://www.abc.net.au/news/topic/artificial-intelligence
AI,CONCEPT,level,field,CONCEPT,https://www.abc.net.au/news/topic/artificial-intelligence
field,CONCEPT,level,field,CONCEPT,https://www.abc.net.au/news/topic/artificial-intelligence
someone,CONCEPT,put,someone,CONCEPT,https://www.abc.net.au/news/topic/artificial-intelligence
those,CONCEPT,have,idea,CONCEPT,https://www.abc.net.au/news/topic/artificial-intelligence
Olympians,EVENT,find,Olympians,EVENT,https://www.abc.net.au/news/topic/artificial-intelligence
idea,CONCEPT,have,idea,CONCEPT,https://www.abc.net.au/news/topic/artificial-intelligence
that,CONCEPT,change,that,CONCEPT,https://www.abc.net.au/news/topic/artificial-intelligence
harm,CONCEPT,cause,harm,CONCEPT,https://www.abc.net.au/news/topic/artificial-intelligence
victim,CONCEPT,fall,victim,CONCEPT,https://www.abc.net.au/news/topic/artificial-intelligence
it,CONCEPT,slash,jobs,CONCEPT,https://www.abc.net.au/news/topic/artificial-intelligence
jobs,CONCEPT,slash,jobs,CONCEPT,https://www.abc.net.au/news/topic/artificial-intelligence
it,CONCEPT,introduce,program,CONCEPT,https://www.abc.net.au/news/topic/artificial-intelligence
program,CONCEPT,introduce,program,CONCEPT,https://www.abc.net.au/news/topic/artificial-intelligence
AI,CONCEPT,adapt,AI,CONCEPT,https://www.abc.net.au/news/topic/artificial-intelligence
Walsh,PERSON,join,Business,ORG,https://www.abc.net.au/news/topic/artificial-intelligence
Business,ORG,join,Business,ORG,https://www.abc.net.au/news/topic/artificial-intelligence
Club,ORG,address,Club,ORG,https://www.abc.net.au/news/topic/artificial-intelligence
WiseTech,ORG,slash,jobs,CONCEPT,https://www.abc.net.au/news/topic/artificial-intelligence
jobs,CONCEPT,slash,jobs,CONCEPT,https://www.abc.net.au/news/topic/artificial-intelligence
AI,CONCEPT,end,era,CONCEPT,https://www.abc.net.au/news/topic/artificial-intelligence
era,CONCEPT,end,era,CONCEPT,https://www.abc.net.au/news/topic/artificial-intelligence
code,CONCEPT,write,code,CONCEPT,https://www.abc.net.au/news/topic/artificial-intelligence
move,CONCEPT,see,reshaping,CONCEPT,https://www.abc.net.au/news/topic/artificial-intelligence
reshaping,CONCEPT,see,reshaping,CONCEPT,https://www.abc.net.au/news/topic/artificial-intelligence
Walsh,PERSON,use,address,CONCEPT,https://www.abc.net.au/news/topic/artificial-intelligence
address,CONCEPT,use,address,CONCEPT,https://www.abc.net.au/news/topic/artificial-intelligence
government,CONCEPT,warn,government,CONCEPT,https://www.abc.net.au/news/topic/artificial-intelligence
technology,CONCEPT,regulate,technology,CONCEPT,https://www.abc.net.au/news/topic/artificial-intelligence
188k,MONEY,spend,188k,MONEY,https://www.abc.net.au/news/topic/artificial-intelligence
experts,CONCEPT,find,experts,CONCEPT,https://www.abc.net.au/news/topic/artificial-intelligence
It,CONCEPT,take,months,DATE,https://www.abc.net.au/news/topic/artificial-intelligence
months,DATE,take,months,DATE,https://www.abc.net.au/news/topic/artificial-intelligence
field,CONCEPT,narrow,field,CONCEPT,https://www.abc.net.au/news/topic/artificial-intelligence
Marshall,PERSON,use,intelligence,CONCEPT,https://www.abc.net.au/news/topic/artificial-intelligence
intelligence,CONCEPT,use,intelligence,CONCEPT,https://www.abc.net.au/news/topic/artificial-intelligence
videos,CONCEPT,create,videos,CONCEPT,https://www.abc.net.au/news/topic/artificial-intelligence
content,CONCEPT,raise,questions,CONCEPT,https://www.abc.net.au/news/topic/artificial-intelligence
questions,CONCEPT,raise,questions,CONCEPT,https://www.abc.net.au/news/topic/artificial-intelligence
place,CONCEPT,take,place,CONCEPT,https://www.abc.net.au/news/topic/artificial-intelligence
credit,CONCEPT,claim,credit,CONCEPT,https://www.abc.net.au/news/topic/artificial-intelligence
professor,CONCEPT,spark,ridicule,CONCEPT,https://www.abc.net.au/news/topic/artificial-intelligence
ridicule,CONCEPT,spark,ridicule,CONCEPT,https://www.abc.net.au/news/topic/artificial-intelligence
studios,CONCEPT,dénoncent,atteinte,CONCEPT,https://www.lefigaro.fr/tag/ia
atteinte,CONCEPT,dénoncent,atteinte,CONCEPT,https://www.lefigaro.fr/tag/ia
janvier,DATE,craindre,janvier,DATE,https://www.lefigaro.fr/tag/ia
artificielle,CONCEPT,cause,chômage,CONCEPT,https://www.lefigaro.fr/tag/ia
chômage,CONCEPT,cause,chômage,CONCEPT,https://www.lefigaro.fr/tag/ia
qui,CONCEPT,toucherait,capitale,CONCEPT,https://www.lefigaro.fr/tag/ia
capitale,CONCEPT,toucherait,capitale,CONCEPT,https://www.lefigaro.fr/tag/ia
Siri,CONCEPT,booster,Siri,CONCEPT,https://www.lefigaro.fr/tag/ia
retard,CONCEPT,rattraper,retard,CONCEPT,https://www.lefigaro.fr/tag/ia
Commission,CONCEPT,déclaré,Commission,CONCEPT,https://www.lefigaro.fr/tag/ia
parole,CONCEPT,souligné,parole,CONCEPT,https://www.lefigaro.fr/tag/ia
Villani,PERSON,était,l'invité,CONCEPT,https://www.lefigaro.fr/tag/ia
l'invité,CONCEPT,était,l'invité,CONCEPT,https://www.lefigaro.fr/tag/ia
parquet,CONCEPT,prendre,compte,CONCEPT,https://www.lefigaro.fr/tag/ia
compte,CONCEPT,prendre,compte,CONCEPT,https://www.lefigaro.fr/tag/ia
affirmations,CONCEPT,prendre,compte,CONCEPT,https://www.lefigaro.fr/tag/ia
Juifs,CONCEPT,traiter,Juifs,CONCEPT,https://www.lefigaro.fr/tag/ia
nous,CONCEPT,avons,capacités,CONCEPT,https://www.lefigaro.fr/tag/ia
capacités,CONCEPT,avons,capacités,CONCEPT,https://www.lefigaro.fr/tag/ia
géants,CONCEPT,laisser,géants,CONCEPT,https://www.lefigaro.fr/tag/ia
président,CONCEPT,publié,série,CONCEPT,https://www.lefigaro.fr/tag/ia
série,CONCEPT,publié,série,CONCEPT,https://www.lefigaro.fr/tag/ia
représentant,CONCEPT,publié,série,CONCEPT,https://www.lefigaro.fr/tag/ia
roi,CONCEPT,publié,série,CONCEPT,https://www.lefigaro.fr/tag/ia
excréments,CONCEPT,être,excréments,CONCEPT,https://www.lefigaro.fr/tag/ia
qu'il,CONCEPT,n'aurait,capacité,CONCEPT,https://www.lefigaro.fr/tag/ia
capacité,CONCEPT,n'aurait,capacité,CONCEPT,https://www.lefigaro.fr/tag/ia
Zucman,PERSON,payer,Zucman,PERSON,https://www.lefigaro.fr/tag/ia
base,CONCEPT,d'avoir,base,CONCEPT,https://www.lefigaro.fr/tag/ia
premier,CONCEPT,garder,premier,CONCEPT,https://www.lefigaro.fr/tag/ia
Il,CONCEPT,faut,paradigme,CONCEPT,https://www.lefigaro.fr/tag/ia
paradigme,CONCEPT,faut,paradigme,CONCEPT,https://www.lefigaro.fr/tag/ia
vues,CONCEPT,mobilisent,vues,CONCEPT,https://www.lefigaro.fr/tag/ia
études,CONCEPT,montrent,baisse,CONCEPT,https://www.lefigaro.fr/tag/ia
baisse,CONCEPT,montrent,baisse,CONCEPT,https://www.lefigaro.fr/tag/ia
ChatGPT,ORG,rend,il,CONCEPT,https://www.lefigaro.fr/tag/ia
il,CONCEPT,rend,il,CONCEPT,https://www.lefigaro.fr/tag/ia
idiots,CONCEPT,rend,il,CONCEPT,https://www.lefigaro.fr/tag/ia
fonctionnalité,CONCEPT,déployer,fonctionnalité,CONCEPT,https://www.lefigaro.fr/tag/ia
décalé,CONCEPT,adopté,décalé,CONCEPT,https://www.lefigaro.fr/tag/ia
vidéo,CONCEPT,meet,descente,CONCEPT,https://www.lefigaro.fr/tag/ia
descente,CONCEPT,meet,descente,CONCEPT,https://www.lefigaro.fr/tag/ia
classe,CONCEPT,meet,descente,CONCEPT,https://www.lefigaro.fr/tag/ia
courses,CONCEPT,coûtent,rein,CONCEPT,https://www.lefigaro.fr/tag/ia
rein,CONCEPT,coûtent,rein,CONCEPT,https://www.lefigaro.fr/tag/ia
américain,CONCEPT,publié,février,CONCEPT,https://www.lefigaro.fr/tag/ia
février,CONCEPT,publié,février,CONCEPT,https://www.lefigaro.fr/tag/ia
vidéo,CONCEPT,publié,février,CONCEPT,https://www.lefigaro.fr/tag/ia
ce,CONCEPT,entrevoir,ce,CONCEPT,https://www.lefigaro.fr/tag/ia
bande,CONCEPT,devenir,bande,CONCEPT,https://www.lefigaro.fr/tag/ia
Unis,ORG,prenaient,contrôle,CONCEPT,https://www.lefigaro.fr/tag/ia
contrôle,CONCEPT,prenaient,contrôle,CONCEPT,https://www.lefigaro.fr/tag/ia
individu,CONCEPT,prend,contrôle,CONCEPT,https://www.lefigaro.fr/tag/ia
contrôle,CONCEPT,prend,contrôle,CONCEPT,https://www.lefigaro.fr/tag/ia
aspect,CONCEPT,prend,contrôle,CONCEPT,https://www.lefigaro.fr/tag/ia
qui,CONCEPT,ouvre,portes,CONCEPT,https://www.lefigaro.fr/tag/ia
portes,CONCEPT,ouvre,portes,CONCEPT,https://www.lefigaro.fr/tag/ia
Elle,CONCEPT,veut,brin,CONCEPT,https://www.lefigaro.fr/tag/ia
brin,CONCEPT,veut,brin,CONCEPT,https://www.lefigaro.fr/tag/ia
annonce,CONCEPT,faite,veille,CONCEPT,https://www.lefigaro.fr/tag/ia
veille,CONCEPT,faite,veille,CONCEPT,https://www.lefigaro.fr/tag/ia
centre,CONCEPT,construire,centre,CONCEPT,https://www.lefigaro.fr/tag/ia
qui,CONCEPT,inaugure,ère,CONCEPT,https://www.lefigaro.fr/tag/ia
ère,CONCEPT,inaugure,ère,CONCEPT,https://www.lefigaro.fr/tag/ia
campus,CONCEPT,vont,campus,CONCEPT,https://www.lefigaro.fr/tag/ia
qui,CONCEPT,représente,investissements,CONCEPT,https://www.lefigaro.fr/tag/ia
investissements,CONCEPT,représente,investissements,CONCEPT,https://www.lefigaro.fr/tag/ia
investissements,CONCEPT,font,accord,CONCEPT,https://www.lefigaro.fr/tag/ia
accord,CONCEPT,font,accord,CONCEPT,https://www.lefigaro.fr/tag/ia
finance,CONCEPT,propose,finance,CONCEPT,https://www.lefigaro.fr/tag/ia
il,CONCEPT,est,question,CONCEPT,https://www.lefigaro.fr/tag/ia
américain,CONCEPT,annoncé,projet,CONCEPT,https://www.lefigaro.fr/tag/ia
projet,CONCEPT,annoncé,projet,CONCEPT,https://www.lefigaro.fr/tag/ia
Stargate,ORG,réunit,cloud,CONCEPT,https://www.lefigaro.fr/tag/ia
cloud,CONCEPT,réunit,cloud,CONCEPT,https://www.lefigaro.fr/tag/ia
il,CONCEPT,s’adapte,il,CONCEPT,https://www.lefigaro.fr/tag/ia
OpenAI,ORG,annoncé,internet,CONCEPT,https://www.lefigaro.fr/tag/ia
internet,CONCEPT,annoncé,internet,CONCEPT,https://www.lefigaro.fr/tag/ia
patron,CONCEPT,averti,influences,CONCEPT,https://www.lefigaro.fr/tag/ia
influences,CONCEPT,averti,influences,CONCEPT,https://www.lefigaro.fr/tag/ia
artistes,CONCEPT,signé,pétition,CONCEPT,https://www.lefigaro.fr/tag/ia
pétition,CONCEPT,signé,pétition,CONCEPT,https://www.lefigaro.fr/tag/ia
artificielle,CONCEPT,alimenter,artificielle,CONCEPT,https://www.lefigaro.fr/tag/ia
multitude,CONCEPT,proposer,multitude,CONCEPT,https://www.lefigaro.fr/tag/ia
question,CONCEPT,poser,question,CONCEPT,https://www.lefigaro.fr/tag/ia
qui,CONCEPT,propulsé,ChatGPT,CONCEPT,https://www.lefigaro.fr/tag/ia
ChatGPT,CONCEPT,propulsé,ChatGPT,CONCEPT,https://www.lefigaro.fr/tag/ia
message,CONCEPT,publier,message,CONCEPT,https://www.lefigaro.fr/tag/ia
médecin,CONCEPT,entrevoit,avenir,CONCEPT,https://www.lefigaro.fr/tag/ia
avenir,CONCEPT,entrevoit,avenir,CONCEPT,https://www.lefigaro.fr/tag/ia
client,CONCEPT,publié,résultats,CONCEPT,https://www.lefigaro.fr/tag/ia
résultats,CONCEPT,publié,résultats,CONCEPT,https://www.lefigaro.fr/tag/ia
menace,CONCEPT,fait,menace,CONCEPT,https://www.lefigaro.fr/tag/ia
Pichai,PERSON,rappelé,risque,CONCEPT,https://www.lefigaro.fr/tag/ia
risque,CONCEPT,rappelé,risque,CONCEPT,https://www.lefigaro.fr/tag/ia
confiance,CONCEPT,briser,confiance,CONCEPT,https://www.lefigaro.fr/tag/ia
Google,ORG,briser,confiance,CONCEPT,https://www.lefigaro.fr/tag/ia
Gemini,PRODUCT,généré,images,CONCEPT,https://www.lefigaro.fr/tag/ia
diversité,CONCEPT,promouvoir,diversité,CONCEPT,https://www.lefigaro.fr/tag/ia
images,CONCEPT,généré,images,CONCEPT,https://www.lefigaro.fr/tag/ia
réponses,CONCEPT,offensé,utilisateurs,CONCEPT,https://www.lefigaro.fr/tag/ia
utilisateurs,CONCEPT,offensé,utilisateurs,CONCEPT,https://www.lefigaro.fr/tag/ia
qui,CONCEPT,ouvert,portes,CONCEPT,https://www.lefigaro.fr/tag/ia
portes,CONCEPT,ouvert,portes,CONCEPT,https://www.lefigaro.fr/tag/ia
Google,ORG,inauguré,février,DATE,https://www.lefigaro.fr/tag/ia
février,DATE,inauguré,février,DATE,https://www.lefigaro.fr/tag/ia
Simulacre,ORG,réhabilite,ce,CONCEPT,https://www.lefigaro.fr/tag/ia
ce,CONCEPT,réhabilite,ce,CONCEPT,https://www.lefigaro.fr/tag/ia
Boric,PERSON,annoncé,janvier,DATE,https://www.lefigaro.fr/tag/ia
janvier,DATE,annoncé,janvier,DATE,https://www.lefigaro.fr/tag/ia
recours,CONCEPT,annoncé,janvier,DATE,https://www.lefigaro.fr/tag/ia
personnes,CONCEPT,retrouver,personnes,CONCEPT,https://www.lefigaro.fr/tag/ia
l’IA,CONCEPT,prend,place,CONCEPT,https://www.lefigaro.fr/tag/ia
place,CONCEPT,prend,place,CONCEPT,https://www.lefigaro.fr/tag/ia
dizaines,CONCEPT,d’économiser,dizaines,CONCEPT,https://www.lefigaro.fr/tag/ia
l'intelligence,CONCEPT,réguler,l'intelligence,CONCEPT,https://www.lefigaro.fr/tag/ia
Nous,CONCEPT,sommes,premiers,CONCEPT,https://www.lefigaro.fr/tag/ia
cadre,CONCEPT,établir,cadre,CONCEPT,https://www.lefigaro.fr/tag/ia
Submersion,WORK_OF_ART,publie,Submersion,WORK_OF_ART,https://www.lefigaro.fr/tag/ia
qui,CONCEPT,illustre,l’accélération,CONCEPT,https://www.lefigaro.fr/tag/ia
l’accélération,CONCEPT,illustre,l’accélération,CONCEPT,https://www.lefigaro.fr/tag/ia
produits,CONCEPT,illustre,l’accélération,CONCEPT,https://www.lefigaro.fr/tag/ia
liberté,CONCEPT,retrouver,liberté,CONCEPT,https://www.lefigaro.fr/tag/ia
vague,CONCEPT,endiguer,vague,CONCEPT,https://www.lefigaro.fr/tag/ia
.,CONCEPT,s’annonce,.,CONCEPT,https://www.lefigaro.fr/tag/ia
gouvernance,CONCEPT,interroge,gouvernance,CONCEPT,https://www.lefigaro.fr/tag/ia
scénaristes,CONCEPT,remplacer,scénaristes,CONCEPT,https://www.lefigaro.fr/tag/ia
qui,CONCEPT,écrivent,textes,CONCEPT,https://www.lefigaro.fr/tag/ia
textes,CONCEPT,écrivent,textes,CONCEPT,https://www.lefigaro.fr/tag/ia
qui,CONCEPT,créent,d'art,CONCEPT,https://www.lefigaro.fr/tag/ia
d'art,CONCEPT,créent,d'art,CONCEPT,https://www.lefigaro.fr/tag/ia
histoire,CONCEPT,c’est,histoire,CONCEPT,https://www.lefigaro.fr/tag/ia
développement,CONCEPT,qu’entraîne,développement,CONCEPT,https://www.lefigaro.fr/tag/ia
fonctionnement,CONCEPT,transformer,fonctionnement,CONCEPT,https://www.lefigaro.fr/tag/ia
cela,CONCEPT,eu,coût,CONCEPT,https://www.lefigaro.fr/tag/ia
coût,CONCEPT,eu,coût,CONCEPT,https://www.lefigaro.fr/tag/ia
Google,ORG,inaugure,Bard,WORK_OF_ART,https://www.lefigaro.fr/tag/ia
Bard,WORK_OF_ART,inaugure,Bard,WORK_OF_ART,https://www.lefigaro.fr/tag/ia
L’intelligence,CONCEPT,fait,L’intelligence,CONCEPT,https://www.lefigaro.fr/tag/ia
Google,ORG,inaugure,robot,CONCEPT,https://www.lefigaro.fr/tag/ia
robot,CONCEPT,inaugure,robot,CONCEPT,https://www.lefigaro.fr/tag/ia
publicité,CONCEPT,est,moyen,CONCEPT,https://www.lefigaro.fr/tag/ia
travail,CONCEPT,soutenir,travail,CONCEPT,https://www.lefigaro.fr/tag/ia
que,CONCEPT,propose,site,CONCEPT,https://www.lefigaro.fr/tag/ia
site,CONCEPT,propose,site,CONCEPT,https://www.lefigaro.fr/tag/ia
cookies,CONCEPT,paramétrer,cookies,CONCEPT,https://www.lefigaro.fr/tag/ia
startup,CONCEPT,paye,$,MONEY,https://www.lebigdata.fr/intelligence-artificielle
$,MONEY,paye,$,MONEY,https://www.lebigdata.fr/intelligence-artificielle
consigne,CARDINAL,répéter,consigne,CARDINAL,https://www.lebigdata.fr/intelligence-artificielle
IA,CONCEPT,bannir,IA,CONCEPT,https://www.lebigdata.fr/intelligence-artificielle
les,CONCEPT,punir,les,CONCEPT,https://www.lebigdata.fr/intelligence-artificielle
straté,CONCEPT,laisser,straté,CONCEPT,https://www.lebigdata.fr/intelligence-artificielle
d’IA,CONCEPT,Créer,d’IA,CONCEPT,https://www.lebigdata.fr/intelligence-artificielle
BuzzFeed,ORG,rappelez,BuzzFeed,ORG,https://www.lebigdata.fr/intelligence-artificielle
BuzzFeed,ORG,tente,comeback,CONCEPT,https://www.lebigdata.fr/intelligence-artificielle
comeback,CONCEPT,tente,comeback,CONCEPT,https://www.lebigdata.fr/intelligence-artificielle
vidéo,CONCEPT,généré,vidéo,CONCEPT,https://www.lebigdata.fr/intelligence-artificielle
idéale,CONCEPT,Générer,idéale,CONCEPT,https://www.lebigdata.fr/intelligence-artificielle
plusOpenClaw,PRODUCT,est,ChatGPT,CONCEPT,https://www.lebigdata.fr/intelligence-artificielle
ChatGPT,CONCEPT,est,ChatGPT,CONCEPT,https://www.lebigdata.fr/intelligence-artificielle
OpenClaw,PRODUCT,n’est,chatbot,CONCEPT,https://www.lebigdata.fr/intelligence-artificielle
colis,CONCEPT,attendez,colis,CONCEPT,https://www.lebigdata.fr/intelligence-artificielle
Anthropic,CONCEPT,gouverner,Rwanda,GPE,https://www.lebigdata.fr/intelligence-artificielle
Rwanda,GPE,gouverner,Rwanda,GPE,https://www.lebigdata.fr/intelligence-artificielle
variantes,CONCEPT,découvrez,variantes,CONCEPT,https://www.lebigdata.fr/intelligence-artificielle
Pentagone,ORG,crée,alternative,CONCEPT,https://www.lebigdata.fr/intelligence-artificielle
alternative,CONCEPT,crée,alternative,CONCEPT,https://www.lebigdata.fr/intelligence-artificielle
alternative,CONCEPT,trouver,alternative,CONCEPT,https://www.lebigdata.fr/intelligence-artificielle
ce,CONCEPT,répondre,ce,CONCEPT,https://www.lebigdata.fr/intelligence-artificielle
nous,CONCEPT,répondre,ce,CONCEPT,https://www.lebigdata.fr/intelligence-artificielle
Plus,PRODUCT,payer,Plus,PRODUCT,https://www.lebigdata.fr/intelligence-artificielle
qui,CONCEPT,transforme,outils,CONCEPT,https://www.lebigdata.fr/intelligence-artificielle
outils,CONCEPT,transforme,outils,CONCEPT,https://www.lebigdata.fr/intelligence-artificielle
fo,CONCEPT,vaciller,fo,CONCEPT,https://www.lebigdata.fr/intelligence-artificielle
OpenAI,ORG,révèle,nouvelle,CONCEPT,https://www.lebigdata.fr/intelligence-artificielle
nouvelle,CONCEPT,révèle,nouvelle,CONCEPT,https://www.lebigdata.fr/intelligence-artificielle
qui,CONCEPT,aiment,discussions,CONCEPT,https://www.lebigdata.fr/intelligence-artificielle
discussions,CONCEPT,aiment,discussions,CONCEPT,https://www.lebigdata.fr/intelligence-artificielle
clones,CONCEPT,transforme,clones,CONCEPT,https://www.lebigdata.fr/intelligence-artificielle
l’IA,CONCEPT,devenait,payante,CONCEPT,https://www.lebigdata.fr/intelligence-artificielle
payante,CONCEPT,devenait,payante,CONCEPT,https://www.lebigdata.fr/intelligence-artificielle
IA,ORG,test,IA,ORG,https://www.lebigdata.fr/intelligence-artificielle
erreurs,CONCEPT,résoudre,erreurs,CONCEPT,https://www.lebigdata.fr/intelligence-artificielle
solutions,CONCEPT,découvrez,solutions,CONCEPT,https://www.lebigdata.fr/intelligence-artificielle
générateur,CONCEPT,choisir,générateur,CONCEPT,https://www.lebigdata.fr/intelligence-artificielle
IA,CONCEPT,choisir,générateur,CONCEPT,https://www.lebigdata.fr/intelligence-artificielle
ChatGPT,PRODUCT,est,chatbot,CONCEPT,https://www.lebigdata.fr/intelligence-artificielle
GitHub,PRODUCT,créer,GitHub,PRODUCT,https://www.lebigdata.fr/intelligence-artificielle
OpenAI,ORG,préparerait,plateforme,CONCEPT,https://www.lebigdata.fr/intelligence-artificielle
plateforme,CONCEPT,préparerait,plateforme,CONCEPT,https://www.lebigdata.fr/intelligence-artificielle
corde,CONCEPT,d’ajouter,corde,CONCEPT,https://www.lebigdata.fr/intelligence-artificielle
Perplexity,PRODUCT,dévoilé,Computer,PRODUCT,https://www.lebigdata.fr/intelligence-artificielle
Computer,PRODUCT,dévoilé,Computer,PRODUCT,https://www.lebigdata.fr/intelligence-artificielle
génie,CONCEPT,aurez,génie,CONCEPT,https://www.lebigdata.fr/intelligence-artificielle
je,CONCEPT,pose,dizaines,CONCEPT,https://www.lebigdata.fr/intelligence-artificielle
dizaines,CONCEPT,pose,dizaines,CONCEPT,https://www.lebigdata.fr/intelligence-artificielle
chanson,CONCEPT,entendez,chanson,CONCEPT,https://www.lebigdata.fr/intelligence-artificielle
dessus,CONCEPT,mettre,dessus,CONCEPT,https://www.lebigdata.fr/intelligence-artificielle
il,CONCEPT,est,il,CONCEPT,https://www.lebigdata.fr/intelligence-artificielle
intimité,CONCEPT,cherchez,intimité,CONCEPT,https://www.lebigdata.fr/intelligence-artificielle
builder,CONCEPT,donne,builder,CONCEPT,https://www.lebigdata.fr/intelligence-artificielle
Pentagone,ORG,recevoir,agents,CONCEPT,https://www.lebigdata.fr/intelligence-artificielle
agents,CONCEPT,recevoir,agents,CONCEPT,https://www.lebigdata.fr/intelligence-artificielle
musique,CONCEPT,créer,musique,CONCEPT,https://www.lebigdata.fr/intelligence-artificielle
main,CONCEPT,mettre,main,CONCEPT,https://www.lebigdata.fr/intelligence-artificielle
WhatsApp,PRODUCT,va,WhatsApp,PRODUCT,https://www.lebigdata.fr/intelligence-artificielle
Meta,PERSON,annonce,l’arrivée,CONCEPT,https://www.lebigdata.fr/intelligence-artificielle
l’arrivée,CONCEPT,annonce,l’arrivée,CONCEPT,https://www.lebigdata.fr/intelligence-artificielle
musica,CONCEPT,lâche,musica,CONCEPT,https://www.lebigdata.fr/intelligence-artificielle
code,CONCEPT,analyser,code,CONCEPT,https://www.lebigdata.fr/intelligence-artificielle
Anthropic,PRODUCT,ajoute,filet,CONCEPT,https://www.lebigdata.fr/intelligence-artificielle
filet,CONCEPT,ajoute,filet,CONCEPT,https://www.lebigdata.fr/intelligence-artificielle
infrastructure,CONCEPT,gérer,infrastructure,CONCEPT,https://www.lebigdata.fr/intelligence-artificielle
vêtements,CONCEPT,ajouter,vêtements,CONCEPT,https://www.lebigdata.fr/intelligence-artificielle
générateur,CONCEPT,vaut,générateur,CONCEPT,https://www.lebigdata.fr/intelligence-artificielle
Synthesia,CONCEPT,révolutionne,création,CONCEPT,https://www.lebigdata.fr/intelligence-artificielle
création,CONCEPT,révolutionne,création,CONCEPT,https://www.lebigdata.fr/intelligence-artificielle
art,CONCEPT,révolutionne,création,CONCEPT,https://www.lebigdata.fr/intelligence-artificielle
entreprises,CONCEPT,imposer,entreprises,CONCEPT,https://www.lebigdata.fr/intelligence-artificielle
Nvidia,ORG,lancer,source,CONCEPT,https://www.lebigdata.fr/intelligence-artificielle
source,CONCEPT,lancer,source,CONCEPT,https://www.lebigdata.fr/intelligence-artificielle
Nvidia,ORG,travaillerait,d’age,CONCEPT,https://www.lebigdata.fr/intelligence-artificielle
d’age,CONCEPT,travaillerait,d’age,CONCEPT,https://www.lebigdata.fr/intelligence-artificielle
rituels,CONCEPT,exploser,rituels,CONCEPT,https://www.lebigdata.fr/intelligence-artificielle
phénomène,CONCEPT,intrigue,autorités,CONCEPT,https://www.lebigdata.fr/intelligence-artificielle
autorités,CONCEPT,intrigue,autorités,CONCEPT,https://www.lebigdata.fr/intelligence-artificielle
